Date,Return,Return_Predicted,Movement_Predicted,Movement_Real,Hit,Investiment_Return
2021-03-30 20:25,-1.9999,0.02263,Up,Down,0,-1.9999
2021-03-30 20:30,-2.0,0.02126,Up,Down,0,-2.0
2021-03-30 20:35,0.00019,0.02266,Up,Up,1,0.00019
2021-03-30 20:40,-0.0001,0.02271,Up,Down,0,-0.0001
2021-03-30 20:45,2.99999,0.0227,Up,Up,1,2.99999
2021-03-30 20:50,-7.0,0.02294,Up,Down,0,-7.0
2021-03-30 20:55,0.0,0.02303,Up,Down,0,0.0
2021-03-30 21:00,-8.9999,0.01734,Up,Down,0,-8.9999
2021-03-30 21:05,4.0,0.0201,Up,Up,1,4.0
2021-03-30 21:10,0.00012,0.01754,Up,Up,1,0.00012
2021-03-30 21:15,4.0,0.01612,Up,Up,1,4.0
2021-03-30 21:20,-1.0,0.01675,Up,Down,0,-1.0
2021-03-30 21:25,-5.9999,0.01611,Up,Down,0,-5.9999
2021-03-30 21:30,2.99999,0.01872,Up,Up,1,2.99999
2021-03-30 21:35,-4.0,0.01793,Up,Down,0,-4.0
2021-03-30 21:40,-7.0,0.02265,Up,Down,0,-7.0
2021-03-30 21:45,2.99999,0.02268,Up,Up,1,2.99999
2021-03-30 21:50,0.0001,0.02272,Up,Up,1,0.0001
2021-03-30 21:55,9.99999,0.0227,Up,Up,1,9.99999
2021-03-30 22:00,-9.9999,0.02282,Up,Down,0,-9.9999
2021-03-30 22:05,-1.0,0.02286,Up,Down,0,-1.0
2021-03-30 22:10,-9.0,0.02271,Up,Down,0,-9.0
2021-03-30 22:15,5.0,0.02273,Up,Up,1,5.0
2021-03-30 22:20,8.0,0.02272,Up,Up,1,8.0
2021-03-30 22:25,-0.0001,0.02266,Up,Down,0,-0.0001
2021-03-30 22:30,-1.0,0.02285,Up,Down,0,-1.0
2021-03-30 22:35,-9.9999,0.02282,Up,Down,0,-9.9999
2021-03-30 22:40,0.00011,0.02266,Up,Up,1,0.00011
2021-03-30 22:45,-3.0,0.02126,Up,Down,0,-3.0
2021-03-30 22:50,0.0,0.02269,Up,Down,0,0.0
2021-03-30 22:55,2.0,0.02146,Up,Up,1,2.0
2021-03-30 23:00,7.0,0.0231,Up,Up,1,7.0
2021-03-30 23:05,-5.9999,0.02284,Up,Down,0,-5.9999
2021-03-30 23:10,0.00014,0.02271,Up,Up,1,0.00014
2021-03-30 23:15,0.00022,0.02265,Up,Up,1,0.00022
2021-03-30 23:20,0.0,0.01968,Up,Down,0,0.0
2021-03-30 23:25,4.0,0.01987,Up,Up,1,4.0
2021-03-30 23:30,1.0,0.02261,Up,Up,1,1.0
2021-03-30 23:35,8.99999,0.02276,Up,Up,1,8.99999
2021-03-30 23:40,4.0,0.02269,Up,Up,1,4.0
2021-03-30 23:45,-1.0,0.02241,Up,Down,0,-1.0
2021-03-30 23:50,-2.9999,0.02262,Up,Down,0,-2.9999
2021-03-30 23:55,-0.0001,0.02269,Up,Down,0,-0.0001
2021-03-31 00:00,-0.0001,0.02306,Up,Down,0,-0.0001
2021-03-31 00:05,0.00026,0.02283,Up,Up,1,0.00026
2021-03-31 00:10,-0.0001,0.02295,Up,Down,0,-0.0001
2021-03-31 00:15,4.99999,0.02311,Up,Up,1,4.99999
2021-03-31 00:20,0.0001,0.02281,Up,Up,1,0.0001
2021-03-31 00:25,5.99999,0.0227,Up,Up,1,5.99999
2021-03-31 00:30,-0.0001,0.02308,Up,Down,0,-0.0001
2021-03-31 00:35,-9.9999,0.02295,Up,Down,0,-9.9999
2021-03-31 00:40,7.0,0.02295,Up,Up,1,7.0
2021-03-31 00:45,7.99999,0.02277,Up,Up,1,7.99999
2021-03-31 00:50,-0.0001,0.02394,Up,Down,0,-0.0001
2021-03-31 00:55,-0.0001,0.02328,Up,Down,0,-0.0001
2021-03-31 01:00,0.00017,0.02304,Up,Up,1,0.00017
2021-03-31 01:05,-0.0001,0.02274,Up,Down,0,-0.0001
2021-03-31 01:10,-8.0,0.02302,Up,Down,0,-8.0
2021-03-31 01:15,-0.0002,0.02287,Up,Down,0,-0.0002
2021-03-31 01:20,-9.9999,0.02277,Up,Down,0,-9.9999
2021-03-31 01:25,-0.0003,0.02299,Up,Down,0,-0.0003
2021-03-31 01:30,0.00014,0.02318,Up,Up,1,0.00014
2021-03-31 01:35,-0.0003,0.02308,Up,Down,0,-0.0003
2021-03-31 01:40,-5.0,0.02341,Up,Down,0,-5.0
2021-03-31 01:45,0.00012,0.02308,Up,Up,1,0.00012
2021-03-31 01:50,0.00018,0.02281,Up,Up,1,0.00018
2021-03-31 01:55,-0.0002,0.0228,Up,Down,0,-0.0002
2021-03-31 02:00,5.0,0.02286,Up,Up,1,5.0
2021-03-31 02:05,-2.9999,0.02295,Up,Down,0,-2.9999
2021-03-31 02:10,8.99999,0.02312,Up,Up,1,8.99999
2021-03-31 02:15,-8.9999,0.02295,Up,Down,0,-8.9999
2021-03-31 02:20,-0.0001,0.02272,Up,Down,0,-0.0001
2021-03-31 02:25,-4.0,0.02304,Up,Down,0,-4.0
2021-03-31 02:30,9.99999,0.02285,Up,Up,1,9.99999
2021-03-31 02:35,-4.9999,0.02287,Up,Down,0,-4.9999
2021-03-31 02:40,8.99999,0.02299,Up,Up,1,8.99999
2021-03-31 02:45,0.00011,0.02284,Up,Up,1,0.00011
2021-03-31 02:50,-0.0005,0.02275,Up,Down,0,-0.0005
2021-03-31 02:55,-4.0,0.02335,Up,Down,0,-4.0
2021-03-31 03:00,8.99999,0.0232,Up,Up,1,8.99999
2021-03-31 03:05,4.0,0.02336,Up,Up,1,4.0
2021-03-31 03:10,-8.9999,0.02305,Up,Down,0,-8.9999
2021-03-31 03:15,0.00011,0.02289,Up,Up,1,0.00011
2021-03-31 03:20,9.0,0.02281,Up,Up,1,9.0
2021-03-31 03:25,-9.0,0.02302,Up,Down,0,-9.0
2021-03-31 03:30,0.0,0.02297,Up,Down,0,0.0
2021-03-31 03:35,3.0,0.02287,Up,Up,1,3.0
2021-03-31 03:40,-0.0001,0.02287,Up,Down,0,-0.0001
2021-03-31 03:45,-4.9999,0.02297,Up,Down,0,-4.9999
2021-03-31 03:50,4.99999,0.0228,Up,Up,1,4.99999
2021-03-31 03:55,-0.0001,0.02273,Up,Down,0,-0.0001
2021-03-31 04:00,3.99999,0.02305,Up,Up,1,3.99999
2021-03-31 04:05,-3.9999,0.02285,Up,Down,0,-3.9999
2021-03-31 04:10,-0.0001,0.0229,Up,Down,0,-0.0001
2021-03-31 04:15,1.99999,0.02301,Up,Up,1,1.99999
2021-03-31 04:20,-3.9999,0.0228,Up,Down,0,-3.9999
2021-03-31 04:25,3.99999,0.02272,Up,Up,1,3.99999
2021-03-31 04:30,0.00014,0.02284,Up,Up,1,0.00014
2021-03-31 04:35,8.0,0.02285,Up,Up,1,8.0
2021-03-31 04:40,-4.0,0.02293,Up,Down,0,-4.0
2021-03-31 04:45,-8.9999,0.02283,Up,Down,0,-8.9999
2021-03-31 04:50,0.00021,0.02299,Up,Up,1,0.00021
2021-03-31 04:55,-2.9999,0.02302,Up,Down,0,-2.9999
2021-03-31 05:00,1.99999,0.02289,Up,Up,1,1.99999
2021-03-31 05:05,5.0,0.02287,Up,Up,1,5.0
2021-03-31 05:10,5.0,0.02271,Up,Up,1,5.0
2021-03-31 05:15,-1.0,0.02273,Up,Down,0,-1.0
2021-03-31 05:20,-1.0,0.02289,Up,Down,0,-1.0
2021-03-31 05:25,0.00019,0.02277,Up,Up,1,0.00019
2021-03-31 05:30,6.99999,0.0229,Up,Up,1,6.99999
2021-03-31 05:35,-9.9999,0.02287,Up,Down,0,-9.9999
2021-03-31 05:40,9.99999,0.02282,Up,Up,1,9.99999
2021-03-31 05:45,0.00014,0.02289,Up,Up,1,0.00014
2021-03-31 05:50,-0.0003,0.02297,Up,Down,0,-0.0003
2021-03-31 05:55,-0.0002,0.02357,Up,Down,0,-0.0002
2021-03-31 06:00,-9.9999,0.02406,Up,Down,0,-9.9999
2021-03-31 06:05,0.00014,0.02371,Up,Up,1,0.00014
2021-03-31 06:10,0.00069,0.02353,Up,Up,1,0.00069
2021-03-31 06:15,-0.0003,0.02425,Up,Down,0,-0.0003
2021-03-31 06:20,0.00056,0.02401,Up,Up,1,0.00056
2021-03-31 06:25,0.00018,0.02393,Up,Up,1,0.00018
2021-03-31 06:30,0.00061,0.02373,Up,Up,1,0.00061
2021-03-31 06:35,-0.0001,0.02406,Up,Down,0,-0.0001
2021-03-31 06:40,1.0,0.02402,Up,Up,1,1.0
2021-03-31 06:45,-4.0,0.02359,Up,Down,0,-4.0
2021-03-31 06:50,0.00049,0.02323,Up,Up,1,0.00049
2021-03-31 06:55,-0.0004,0.02345,Up,Down,0,-0.0004
2021-03-31 07:00,0.00014,0.02395,Up,Up,1,0.00014
2021-03-31 07:05,0.00086,0.02352,Up,Up,1,0.00086
2021-03-31 07:10,-0.0002,0.02412,Up,Down,0,-0.0002
2021-03-31 07:15,0.00043,0.02395,Up,Up,1,0.00043
2021-03-31 07:20,0.00014,0.02323,Up,Up,1,0.00014
2021-03-31 07:25,-0.0001,0.02305,Up,Down,0,-0.0001
2021-03-31 07:30,-4.9999,0.02318,Up,Down,0,-4.9999
2021-03-31 07:35,-0.0001,0.02374,Up,Down,0,-0.0001
2021-03-31 07:40,-4.0,0.02331,Up,Down,0,-4.0
2021-03-31 07:45,0.00012,0.0235,Up,Up,1,0.00012
2021-03-31 07:50,-0.0002,0.02341,Up,Down,0,-0.0002
2021-03-31 07:55,0.00025,0.02344,Up,Up,1,0.00025
2021-03-31 08:00,4.0,0.02348,Up,Up,1,4.0
2021-03-31 08:05,-8.0,0.02347,Up,Down,0,-8.0
2021-03-31 08:10,0.00055,0.02356,Up,Up,1,0.00055
2021-03-31 08:15,0.00053,0.02372,Up,Up,1,0.00053
2021-03-31 08:20,-0.0001,0.02415,Up,Down,0,-0.0001
2021-03-31 08:25,-5.0,0.02406,Up,Down,0,-5.0
2021-03-31 08:30,0.00035,0.02387,Up,Up,1,0.00035
2021-03-31 08:35,-0.0001,0.0236,Up,Down,0,-0.0001
2021-03-31 08:40,8.0,0.02374,Up,Up,1,8.0
2021-03-31 08:45,0.00021,0.02342,Up,Up,1,0.00021
2021-03-31 08:50,-8.9999,0.02331,Up,Down,0,-8.9999
2021-03-31 08:55,-0.0006,0.02369,Up,Down,0,-0.0006
2021-03-31 09:00,1.0,0.0241,Up,Up,1,1.0
2021-03-31 09:05,0.00043,0.02359,Up,Up,1,0.00043
2021-03-31 09:10,-5.9999,0.0232,Up,Down,0,-5.9999
2021-03-31 09:15,9.99999,0.02321,Up,Up,1,9.99999
2021-03-31 09:20,9.99999,0.02297,Up,Up,1,9.99999
2021-03-31 09:25,-0.0001,0.02278,Up,Down,0,-0.0001
2021-03-31 09:30,-0.0002,0.02309,Up,Down,0,-0.0002
2021-03-31 09:35,-0.0002,0.02308,Up,Down,0,-0.0002
2021-03-31 09:40,-0.0002,0.02335,Up,Down,0,-0.0002
2021-03-31 09:45,-0.0003,0.02405,Up,Down,0,-0.0003
2021-03-31 09:50,-0.0004,0.02373,Up,Down,0,-0.0004
2021-03-31 09:55,-0.0002,0.02358,Up,Down,0,-0.0002
2021-03-31 10:00,-0.0003,0.02347,Up,Down,0,-0.0003
2021-03-31 10:05,0.00012,0.02351,Up,Up,1,0.00012
2021-03-31 10:10,0.00021,0.02316,Up,Up,1,0.00021
2021-03-31 10:15,0.00035,0.02325,Up,Up,1,0.00035
2021-03-31 10:20,-0.0001,0.02331,Up,Down,0,-0.0001
2021-03-31 10:25,-2.9999,0.02295,Up,Down,0,-2.9999
2021-03-31 10:30,-0.0001,0.02311,Up,Down,0,-0.0001
2021-03-31 10:35,0.00033,0.02318,Up,Up,1,0.00033
2021-03-31 10:40,-6.0,0.0233,Up,Down,0,-6.0
2021-03-31 10:45,0.00038,0.02312,Up,Up,1,0.00038
2021-03-31 10:50,0.00014,0.02331,Up,Up,1,0.00014
2021-03-31 10:55,-0.0001,0.02315,Up,Down,0,-0.0001
2021-03-31 11:00,0.00011,0.02384,Up,Up,1,0.00011
2021-03-31 11:05,0.00022,0.02316,Up,Up,1,0.00022
2021-03-31 11:10,0.00027,0.02308,Up,Up,1,0.00027
2021-03-31 11:15,-0.0003,0.02325,Up,Down,0,-0.0003
2021-03-31 11:20,-0.0003,0.02357,Up,Down,0,-0.0003
2021-03-31 11:25,0.00019,0.02339,Up,Up,1,0.00019
2021-03-31 11:30,-0.0002,0.02285,Up,Down,0,-0.0002
2021-03-31 11:35,-0.0002,0.02299,Up,Down,0,-0.0002
2021-03-31 11:40,0.0,0.02366,Up,Down,0,0.0
2021-03-31 11:45,-0.0001,0.02311,Up,Down,0,-0.0001
2021-03-31 11:50,0.00028,0.02326,Up,Up,1,0.00028
2021-03-31 11:55,-0.0002,0.02329,Up,Down,0,-0.0002
2021-03-31 12:00,-0.0006,0.02387,Up,Down,0,-0.0006
2021-03-31 12:05,0.00018,0.02454,Up,Up,1,0.00018
2021-03-31 12:10,0.00045,0.02392,Up,Up,1,0.00045
2021-03-31 12:15,-8.0,0.02441,Up,Down,0,-8.0
2021-03-31 12:20,-1.0,0.02432,Up,Down,0,-1.0
2021-03-31 12:25,8.0,0.02352,Up,Up,1,8.0
2021-03-31 12:30,-0.0002,0.02342,Up,Down,0,-0.0002
2021-03-31 12:35,0.0004,0.02327,Up,Up,1,0.0004
2021-03-31 12:40,-0.0004,0.02365,Up,Down,0,-0.0004
2021-03-31 12:45,-8.9999,0.02353,Up,Down,0,-8.9999
2021-03-31 12:50,2.99999,0.02327,Up,Up,1,2.99999
2021-03-31 12:55,0.0,0.02322,Up,Down,0,0.0
2021-03-31 13:00,-0.0002,0.02353,Up,Down,0,-0.0002
2021-03-31 13:05,9.99999,0.02382,Up,Up,1,9.99999
2021-03-31 13:10,2.0,0.02338,Up,Up,1,2.0
2021-03-31 13:15,0.00013,0.02328,Up,Up,1,0.00013
2021-03-31 13:20,0.00024,0.02316,Up,Up,1,0.00024
2021-03-31 13:25,0.00038,0.02321,Up,Up,1,0.00038
2021-03-31 13:30,1.0,0.0236,Up,Up,1,1.0
2021-03-31 13:35,-1.0,0.02361,Up,Down,0,-1.0
2021-03-31 13:40,0.0,0.02311,Up,Down,0,0.0
2021-03-31 13:45,-4.0,0.02424,Up,Down,0,-4.0
2021-03-31 13:50,0.00039,0.02463,Up,Up,1,0.00039
2021-03-31 13:55,0.00068,0.02396,Up,Up,1,0.00068
2021-03-31 14:00,5.0,0.02449,Up,Up,1,5.0
2021-03-31 14:05,0.00021,0.02351,Up,Up,1,0.00021
2021-03-31 14:10,0.00015,0.02347,Up,Up,1,0.00015
2021-03-31 14:15,-0.0003,0.02386,Up,Down,0,-0.0003
2021-03-31 14:20,0.00019,0.02437,Up,Up,1,0.00019
2021-03-31 14:25,0.00015,0.02445,Up,Up,1,0.00015
2021-03-31 14:30,-0.0003,0.02391,Up,Down,0,-0.0003
2021-03-31 14:35,-0.0002,0.02393,Up,Down,0,-0.0002
2021-03-31 14:40,0.00021,0.02456,Up,Up,1,0.00021
2021-03-31 14:45,6.99999,0.02414,Up,Up,1,6.99999
2021-03-31 14:50,0.00087,0.02566,Up,Up,1,0.00087
2021-03-31 14:55,-9.0,0.02641,Up,Down,0,-9.0
2021-03-31 15:00,-0.0009,0.02625,Up,Down,0,-0.0009
2021-03-31 15:05,0.00017,0.02512,Up,Up,1,0.00017
2021-03-31 15:10,-0.0006,0.02387,Up,Down,0,-0.0006
2021-03-31 15:15,-2.9999,0.0238,Up,Down,0,-2.9999
2021-03-31 15:20,-1.0,0.02371,Up,Down,0,-1.0
2021-03-31 15:25,-0.0003,0.02418,Up,Down,0,-0.0003
2021-03-31 15:30,-0.0001,0.02403,Up,Down,0,-0.0001
2021-03-31 15:35,0.00043,0.02367,Up,Up,1,0.00043
2021-03-31 15:40,-8.0,0.0234,Up,Down,0,-8.0
2021-03-31 15:45,0.00062,0.02355,Up,Up,1,0.00062
2021-03-31 15:50,4.99999,0.02341,Up,Up,1,4.99999
2021-03-31 15:55,0.00052,0.02354,Up,Up,1,0.00052
2021-03-31 16:00,0.00046,0.02363,Up,Up,1,0.00046
2021-03-31 16:05,-0.0002,0.02314,Up,Down,0,-0.0002
2021-03-31 16:10,9.0,0.02341,Up,Up,1,9.0
2021-03-31 16:15,-0.0002,0.02346,Up,Down,0,-0.0002
2021-03-31 16:20,-0.0002,0.02314,Up,Down,0,-0.0002
2021-03-31 16:25,0.00032,0.02307,Up,Up,1,0.00032
2021-03-31 16:30,3.99999,0.02294,Up,Up,1,3.99999
2021-03-31 16:35,0.00026,0.02324,Up,Up,1,0.00026
2021-03-31 16:40,-0.0004,0.02322,Up,Down,0,-0.0004
2021-03-31 16:45,-0.0001,0.02334,Up,Down,0,-0.0001
2021-03-31 16:50,0.00037,0.02302,Up,Up,1,0.00037
2021-03-31 16:55,-0.0001,0.02288,Up,Down,0,-0.0001
2021-03-31 17:00,0.00039,0.02294,Up,Up,1,0.00039
2021-03-31 17:05,6.0,0.02306,Up,Up,1,6.0
2021-03-31 17:10,-0.0006,0.02363,Up,Down,0,-0.0006
2021-03-31 17:15,-5.0,0.02342,Up,Down,0,-5.0
2021-03-31 17:20,-0.0003,0.023,Up,Down,0,-0.0003
2021-03-31 17:25,4.0,0.02292,Up,Up,1,4.0
2021-03-31 17:30,-0.0001,0.02279,Up,Down,0,-0.0001
2021-03-31 17:35,-8.0,0.02297,Up,Down,0,-8.0
2021-03-31 17:40,-9.9999,0.02291,Up,Down,0,-9.9999
2021-03-31 17:45,1.0,0.02312,Up,Up,1,1.0
2021-03-31 17:50,-2.9999,0.02319,Up,Down,0,-2.9999
2021-03-31 17:55,-0.0001,0.0232,Up,Down,0,-0.0001
2021-03-31 18:00,-0.0001,0.02322,Up,Down,0,-0.0001
2021-03-31 18:05,-7.0,0.02342,Up,Down,0,-7.0
2021-03-31 18:10,0.0,0.02288,Up,Down,0,0.0
2021-03-31 18:15,-0.0001,0.02305,Up,Down,0,-0.0001
2021-03-31 18:20,9.99999,0.02316,Up,Up,1,9.99999
2021-03-31 18:25,-8.0,0.02295,Up,Down,0,-8.0
2021-03-31 18:30,-0.0002,0.02276,Up,Down,0,-0.0002
2021-03-31 18:35,-4.0,0.02293,Up,Down,0,-4.0
2021-03-31 18:40,-0.0001,0.02318,Up,Down,0,-0.0001
2021-03-31 18:45,0.00011,0.02329,Up,Up,1,0.00011
2021-03-31 18:50,-0.0005,0.02334,Up,Down,0,-0.0005
2021-03-31 18:55,0.00011,0.02407,Up,Up,1,0.00011
2021-03-31 19:00,0.00014,0.02357,Up,Up,1,0.00014
2021-03-31 19:05,-4.0,0.02286,Up,Down,0,-4.0
2021-03-31 19:10,-0.0001,0.02308,Up,Down,0,-0.0001
2021-03-31 19:15,4.0,0.02308,Up,Up,1,4.0
2021-03-31 19:20,-0.0001,0.02346,Up,Down,0,-0.0001
2021-03-31 19:25,-9.0,0.02315,Up,Down,0,-9.0
2021-03-31 19:30,9.0,0.02316,Up,Up,1,9.0
2021-03-31 19:35,5.99999,0.02318,Up,Up,1,5.99999
2021-03-31 19:40,-0.0001,0.02328,Up,Down,0,-0.0001
2021-03-31 19:45,-9.9999,0.02328,Up,Down,0,-9.9999
2021-03-31 19:50,0.00028,0.02346,Up,Up,1,0.00028
2021-03-31 19:55,2.99999,0.02368,Up,Up,1,2.99999
2021-03-31 20:00,-0.0002,0.0232,Up,Down,0,-0.0002
2021-03-31 20:05,0.00018,0.0229,Up,Up,1,0.00018
2021-03-31 20:10,-4.9999,0.02276,Up,Down,0,-4.9999
2021-03-31 20:15,-0.0001,0.02275,Up,Down,0,-0.0001
2021-03-31 20:20,0.00014,0.02268,Up,Up,1,0.00014
2021-03-31 20:25,0.00025,0.02268,Up,Up,1,0.00025
2021-03-31 20:30,5.99999,0.02287,Up,Up,1,5.99999
2021-03-31 20:35,-1.0,0.02283,Up,Down,0,-1.0
2021-03-31 20:40,1.0,0.0228,Up,Up,1,1.0
2021-03-31 20:45,0.00012,0.02276,Up,Up,1,0.00012
2021-03-31 20:50,3.99999,0.02275,Up,Up,1,3.99999
2021-03-31 20:55,-9.9999,0.02265,Up,Down,0,-9.9999
2021-03-31 21:00,-7.0,0.02275,Up,Down,0,-7.0
2021-03-31 21:05,-2.9999,0.01691,Up,Down,0,-2.9999
2021-03-31 21:10,-2.9999,0.01868,Up,Down,0,-2.9999
2021-03-31 21:15,9.99999,0.02264,Up,Up,1,9.99999
2021-03-31 21:20,2.99999,0.01788,Up,Up,1,2.99999
2021-03-31 21:25,-1.9999,0.02267,Up,Down,0,-1.9999
2021-03-31 21:30,1.99999,0.02262,Up,Up,1,1.99999
2021-03-31 21:35,-1.9999,0.02284,Up,Down,0,-1.9999
2021-03-31 21:40,-8.9999,0.02307,Up,Down,0,-8.9999
2021-03-31 21:45,-2.0,0.02318,Up,Down,0,-2.0
2021-03-31 21:50,0.0,0.02276,Up,Down,0,0.0
2021-03-31 21:55,-0.0001,0.02273,Up,Down,0,-0.0001
2021-03-31 22:00,-0.0002,0.02306,Up,Down,0,-0.0002
2021-03-31 22:05,-0.0001,0.02305,Up,Down,0,-0.0001
2021-03-31 22:10,0.00025,0.023,Up,Up,1,0.00025
2021-03-31 22:15,7.99999,0.02262,Up,Up,1,7.99999
2021-03-31 22:20,0.00013,0.02264,Up,Up,1,0.00013
2021-03-31 22:25,-0.0001,0.02259,Up,Down,0,-0.0001
2021-03-31 22:30,0.00026,0.02265,Up,Up,1,0.00026
2021-03-31 22:35,4.0,0.02262,Up,Up,1,4.0
2021-03-31 22:40,-1.0,0.02264,Up,Down,0,-1.0
2021-03-31 22:45,-0.0001,0.01925,Up,Down,0,-0.0001
2021-03-31 22:50,-0.0001,0.02104,Up,Down,0,-0.0001
2021-03-31 22:55,-0.0001,0.02268,Up,Down,0,-0.0001
2021-03-31 23:00,-1.0,0.02306,Up,Down,0,-1.0
2021-03-31 23:05,0.00015,0.02286,Up,Up,1,0.00015
2021-03-31 23:10,0.00012,0.02264,Up,Up,1,0.00012
2021-03-31 23:15,-5.9999,0.02259,Up,Down,0,-5.9999
2021-03-31 23:20,0.0,0.02102,Up,Down,0,0.0
2021-03-31 23:25,0.0,0.02265,Up,Down,0,0.0
2021-03-31 23:30,4.0,0.02263,Up,Up,1,4.0
2021-03-31 23:35,5.99999,0.0226,Up,Up,1,5.99999
2021-03-31 23:40,-5.0,0.02043,Up,Down,0,-5.0
2021-03-31 23:45,5.0,0.02264,Up,Up,1,5.0
2021-03-31 23:50,-2.9999,0.02219,Up,Down,0,-2.9999
2021-03-31 23:55,-0.0001,0.02264,Up,Down,0,-0.0001
2021-04-01 00:00,-0.0001,0.02321,Up,Down,0,-0.0001
2021-04-01 00:05,0.00014,0.02305,Up,Up,1,0.00014
2021-04-01 00:10,0.00014,0.02285,Up,Up,1,0.00014
2021-04-01 00:15,-0.0003,0.02277,Up,Down,0,-0.0003
2021-04-01 00:20,3.0,0.0234,Up,Up,1,3.0
2021-04-01 00:25,0.00027,0.02298,Up,Up,1,0.00027
2021-04-01 00:30,0.00014,0.02297,Up,Up,1,0.00014
2021-04-01 00:35,-0.0001,0.02295,Up,Down,0,-0.0001
2021-04-01 00:40,-0.0001,0.02288,Up,Down,0,-0.0001
2021-04-01 00:45,0.00042,0.02292,Up,Up,1,0.00042
2021-04-01 00:50,-1.9999,0.02344,Up,Down,0,-1.9999
2021-04-01 00:55,8.0,0.02289,Up,Up,1,8.0
2021-04-01 01:00,-0.0002,0.02303,Up,Down,0,-0.0002
2021-04-01 01:05,0.00011,0.02293,Up,Up,1,0.00011
2021-04-01 01:10,2.99999,0.02276,Up,Up,1,2.99999
2021-04-01 01:15,0.00019,0.02276,Up,Up,1,0.00019
2021-04-01 01:20,-7.9999,0.02267,Up,Down,0,-7.9999
2021-04-01 01:25,-6.0,0.02277,Up,Down,0,-6.0
2021-04-01 01:30,4.0,0.02304,Up,Up,1,4.0
2021-04-01 01:35,5.99999,0.02281,Up,Up,1,5.99999
2021-04-01 01:40,-0.0001,0.02285,Up,Down,0,-0.0001
2021-04-01 01:45,-5.0,0.02352,Up,Down,0,-5.0
2021-04-01 01:50,0.00011,0.02289,Up,Up,1,0.00011
2021-04-01 01:55,0.00015,0.02292,Up,Up,1,0.00015
2021-04-01 02:00,-0.0001,0.023,Up,Down,0,-0.0001
2021-04-01 02:05,0.0,0.02288,Up,Down,0,0.0
2021-04-01 02:10,-0.0003,0.02277,Up,Down,0,-0.0003
2021-04-01 02:15,-8.9999,0.02296,Up,Down,0,-8.9999
2021-04-01 02:20,-0.0002,0.02285,Up,Down,0,-0.0002
2021-04-01 02:25,6.99999,0.02295,Up,Up,1,6.99999
2021-04-01 02:30,-5.9999,0.02288,Up,Down,0,-5.9999
2021-04-01 02:35,5.0,0.02299,Up,Up,1,5.0
2021-04-01 02:40,0.00011,0.02298,Up,Up,1,0.00011
2021-04-01 02:45,-2.0,0.02284,Up,Down,0,-2.0
2021-04-01 02:50,5.0,0.023,Up,Up,1,5.0
2021-04-01 02:55,0.00011,0.02285,Up,Up,1,0.00011
2021-04-01 03:00,0.00014,0.02308,Up,Up,1,0.00014
2021-04-01 03:05,-5.9999,0.02275,Up,Down,0,-5.9999
2021-04-01 03:10,4.99999,0.02283,Up,Up,1,4.99999
2021-04-01 03:15,2.0,0.02288,Up,Up,1,2.0
2021-04-01 03:20,-8.0,0.02289,Up,Down,0,-8.0
2021-04-01 03:25,-0.0001,0.02269,Up,Down,0,-0.0001
2021-04-01 03:30,0.0,0.02282,Up,Down,0,0.0
2021-04-01 03:35,-8.9999,0.02271,Up,Down,0,-8.9999
2021-04-01 03:40,0.00026,0.02285,Up,Up,1,0.00026
2021-04-01 03:45,-5.9999,0.02296,Up,Down,0,-5.9999
2021-04-01 03:50,-0.0001,0.02264,Up,Down,0,-0.0001
2021-04-01 03:55,0.00018,0.02287,Up,Up,1,0.00018
2021-04-01 04:00,-5.9999,0.02282,Up,Down,0,-5.9999
2021-04-01 04:05,-5.0,0.02285,Up,Down,0,-5.0
2021-04-01 04:10,-8.9999,0.02294,Up,Down,0,-8.9999
2021-04-01 04:15,-7.0,0.02293,Up,Down,0,-7.0
2021-04-01 04:20,0.0,0.02322,Up,Down,0,0.0
2021-04-01 04:25,-1.9999,0.02296,Up,Down,0,-1.9999
2021-04-01 04:30,-3.0,0.02292,Up,Down,0,-3.0
2021-04-01 04:35,-0.0001,0.02291,Up,Down,0,-0.0001
2021-04-01 04:40,-0.0002,0.02308,Up,Down,0,-0.0002
2021-04-01 04:45,-0.0001,0.02348,Up,Down,0,-0.0001
2021-04-01 04:50,-0.0001,0.02395,Up,Down,0,-0.0001
2021-04-01 04:55,2.99999,0.02358,Up,Up,1,2.99999
2021-04-01 05:00,3.0,0.02293,Up,Up,1,3.0
2021-04-01 05:05,-9.0,0.02295,Up,Down,0,-9.0
2021-04-01 05:10,9.0,0.02289,Up,Up,1,9.0
2021-04-01 05:15,0.00015,0.02272,Up,Up,1,0.00015
2021-04-01 05:20,0.0,0.02274,Up,Down,0,0.0
2021-04-01 05:25,4.0,0.02294,Up,Up,1,4.0
2021-04-01 05:30,-0.0001,0.02293,Up,Down,0,-0.0001
2021-04-01 05:35,0.00019,0.02313,Up,Up,1,0.00019
2021-04-01 05:40,7.0,0.02286,Up,Up,1,7.0
2021-04-01 05:45,-0.0001,0.02277,Up,Down,0,-0.0001
2021-04-01 05:50,-7.0,0.02283,Up,Down,0,-7.0
2021-04-01 05:55,-0.0003,0.02289,Up,Down,0,-0.0003
2021-04-01 06:00,0.00013,0.02372,Up,Up,1,0.00013
2021-04-01 06:05,6.0,0.02349,Up,Up,1,6.0
2021-04-01 06:10,0.00024,0.02375,Up,Up,1,0.00024
2021-04-01 06:15,0.00047,0.02383,Up,Up,1,0.00047
2021-04-01 06:20,-8.9999,0.02432,Up,Down,0,-8.9999
2021-04-01 06:25,-0.0002,0.02377,Up,Down,0,-0.0002
2021-04-01 06:30,0.00015,0.02383,Up,Up,1,0.00015
2021-04-01 06:35,8.99999,0.02325,Up,Up,1,8.99999
2021-04-01 06:40,9.99999,0.02376,Up,Up,1,9.99999
2021-04-01 06:45,-5.9999,0.02304,Up,Down,0,-5.9999
2021-04-01 06:50,0.00092,0.02308,Up,Up,1,0.00092
2021-04-01 06:55,-0.0006,0.02381,Up,Down,0,-0.0006
2021-04-01 07:00,-9.9999,0.02445,Up,Down,0,-9.9999
2021-04-01 07:05,0.00078,0.0235,Up,Up,1,0.00078
2021-04-01 07:10,-0.0001,0.02414,Up,Down,0,-0.0001
2021-04-01 07:15,0.00062,0.02367,Up,Up,1,0.00062
2021-04-01 07:20,0.00053,0.02386,Up,Up,1,0.00053
2021-04-01 07:25,-0.0002,0.02366,Up,Down,0,-0.0002
2021-04-01 07:30,-0.0002,0.0232,Up,Down,0,-0.0002
2021-04-01 07:35,-0.0002,0.02323,Up,Down,0,-0.0002
2021-04-01 07:40,-7.0,0.02316,Up,Down,0,-7.0
2021-04-01 07:45,0.00019,0.02354,Up,Up,1,0.00019
2021-04-01 07:50,0.00052,0.02357,Up,Up,1,0.00052
2021-04-01 07:55,-0.0001,0.02362,Up,Down,0,-0.0001
2021-04-01 08:00,-0.0001,0.02413,Up,Down,0,-0.0001
2021-04-01 08:05,0.00024,0.02368,Up,Up,1,0.00024
2021-04-01 08:10,0.00018,0.02333,Up,Up,1,0.00018
2021-04-01 08:15,-0.0003,0.02391,Up,Down,0,-0.0003
2021-04-01 08:20,0.0,0.02364,Up,Down,0,0.0
2021-04-01 08:25,0.00019,0.02355,Up,Up,1,0.00019
2021-04-01 08:30,-0.0004,0.02305,Up,Down,0,-0.0004
2021-04-01 08:35,0.00025,0.02338,Up,Up,1,0.00025
2021-04-01 08:40,1.99999,0.02347,Up,Up,1,1.99999
2021-04-01 08:45,-0.0004,0.02352,Up,Down,0,-0.0004
2021-04-01 08:50,-0.0006,0.02328,Up,Down,0,-0.0006
2021-04-01 08:55,-0.0002,0.02412,Up,Down,0,-0.0002
2021-04-01 09:00,0.00079,0.02362,Up,Up,1,0.00079
2021-04-01 09:05,0.00041,0.02343,Up,Up,1,0.00041
2021-04-01 09:10,0.00028,0.02336,Up,Up,1,0.00028
2021-04-01 09:15,-7.0,0.02341,Up,Down,0,-7.0
2021-04-01 09:20,0.00012,0.02333,Up,Up,1,0.00012
2021-04-01 09:25,0.00011,0.02312,Up,Up,1,0.00011
2021-04-01 09:30,0.00014,0.02296,Up,Up,1,0.00014
2021-04-01 09:35,-0.0001,0.02299,Up,Down,0,-0.0001
2021-04-01 09:40,-0.0002,0.02306,Up,Down,0,-0.0002
2021-04-01 09:45,8.0,0.02315,Up,Up,1,8.0
2021-04-01 09:50,0.0,0.02291,Up,Down,0,0.0
2021-04-01 09:55,-0.0001,0.02308,Up,Down,0,-0.0001
2021-04-01 10:00,0.00029,0.02318,Up,Up,1,0.00029
2021-04-01 10:05,1.99999,0.0229,Up,Up,1,1.99999
2021-04-01 10:10,0.00034,0.02299,Up,Up,1,0.00034
2021-04-01 10:15,2.99999,0.02326,Up,Up,1,2.99999
2021-04-01 10:20,0.00019,0.02326,Up,Up,1,0.00019
2021-04-01 10:25,-0.0002,0.02338,Up,Down,0,-0.0002
2021-04-01 10:30,0.00023,0.02361,Up,Up,1,0.00023
2021-04-01 10:35,-0.0003,0.02325,Up,Down,0,-0.0003
2021-04-01 10:40,-4.9999,0.02344,Up,Down,0,-4.9999
2021-04-01 10:45,-0.0002,0.02306,Up,Down,0,-0.0002
2021-04-01 10:50,-0.0003,0.0232,Up,Down,0,-0.0003
2021-04-01 10:55,-0.0002,0.02347,Up,Down,0,-0.0002
2021-04-01 11:00,0.00025,0.02375,Up,Up,1,0.00025
2021-04-01 11:05,8.99999,0.02321,Up,Up,1,8.99999
2021-04-01 11:10,6.0,0.0234,Up,Up,1,6.0
2021-04-01 11:15,-6.0,0.02319,Up,Down,0,-6.0
2021-04-01 11:20,0.00045,0.02321,Up,Up,1,0.00045
2021-04-01 11:25,-0.0005,0.0231,Up,Down,0,-0.0005
2021-04-01 11:30,0.00015,0.02413,Up,Up,1,0.00015
2021-04-01 11:35,-0.0001,0.02319,Up,Down,0,-0.0001
2021-04-01 11:40,0.00011,0.02329,Up,Up,1,0.00011
2021-04-01 11:45,0.00014,0.02357,Up,Up,1,0.00014
2021-04-01 11:50,0.00018,0.02289,Up,Up,1,0.00018
2021-04-01 11:55,0.00029,0.02324,Up,Up,1,0.00029
2021-04-01 12:00,0.00023,0.02419,Up,Up,1,0.00023
2021-04-01 12:05,-1.0,0.02354,Up,Down,0,-1.0
2021-04-01 12:10,5.99999,0.0235,Up,Up,1,5.99999
2021-04-01 12:15,0.00018,0.02358,Up,Up,1,0.00018
2021-04-01 12:20,-4.0,0.02337,Up,Down,0,-4.0
2021-04-01 12:25,0.00041,0.02305,Up,Up,1,0.00041
2021-04-01 12:30,-8.9999,0.02413,Up,Down,0,-8.9999
2021-04-01 12:35,-0.0003,0.02375,Up,Down,0,-0.0003
2021-04-01 12:40,-0.0004,0.02428,Up,Down,0,-0.0004
2021-04-01 12:45,7.0,0.02422,Up,Up,1,7.0
2021-04-01 12:50,0.00012,0.02407,Up,Up,1,0.00012
2021-04-01 12:55,0.00073,0.02385,Up,Up,1,0.00073
2021-04-01 13:00,0.00017,0.02444,Up,Up,1,0.00017
2021-04-01 13:05,0.00031,0.02415,Up,Up,1,0.00031
2021-04-01 13:10,-0.0003,0.02388,Up,Down,0,-0.0003
2021-04-01 13:15,0.00039,0.02407,Up,Up,1,0.00039
2021-04-01 13:20,0.00019,0.02389,Up,Up,1,0.00019
2021-04-01 13:25,-0.0002,0.024,Up,Down,0,-0.0002
2021-04-01 13:30,9.99999,0.02391,Up,Up,1,9.99999
2021-04-01 13:35,-0.0003,0.02349,Up,Down,0,-0.0003
2021-04-01 13:40,-8.0,0.02367,Up,Down,0,-8.0
2021-04-01 13:45,0.00049,0.02363,Up,Up,1,0.00049
2021-04-01 13:50,-0.0005,0.02367,Up,Down,0,-0.0005
2021-04-01 13:55,-0.0006,0.02409,Up,Down,0,-0.0006
2021-04-01 14:00,-0.0004,0.02571,Up,Down,0,-0.0004
2021-04-01 14:05,-1.9999,0.02449,Up,Down,0,-1.9999
2021-04-01 14:10,-2.9999,0.02397,Up,Down,0,-2.9999
2021-04-01 14:15,-5.0,0.02386,Up,Down,0,-5.0
2021-04-01 14:20,0.00021,0.02377,Up,Up,1,0.00021
2021-04-01 14:25,1.0,0.02344,Up,Up,1,1.0
2021-04-01 14:30,0.0,0.02372,Up,Down,0,0.0
2021-04-01 14:35,0.00034,0.02359,Up,Up,1,0.00034
2021-04-01 14:40,0.00042,0.02376,Up,Up,1,0.00042
2021-04-01 14:45,0.00099,0.02399,Up,Up,1,0.00099
2021-04-01 14:50,-0.0002,0.02465,Up,Down,0,-0.0002
2021-04-01 14:55,0.0,0.02451,Up,Down,0,0.0
2021-04-01 15:00,5.99999,0.02401,Up,Up,1,5.99999
2021-04-01 15:05,0.00051,0.02353,Up,Up,1,0.00051
2021-04-01 15:10,-0.0002,0.02352,Up,Down,0,-0.0002
2021-04-01 15:15,0.00026,0.0238,Up,Up,1,0.00026
2021-04-01 15:20,-7.0,0.0239,Up,Down,0,-7.0
2021-04-01 15:25,0.00029,0.02325,Up,Up,1,0.00029
2021-04-01 15:30,-5.0,0.02321,Up,Down,0,-5.0
2021-04-01 15:35,0.00032,0.02363,Up,Up,1,0.00032
2021-04-01 15:40,0.00021,0.02321,Up,Up,1,0.00021
2021-04-01 15:45,0.0,0.02355,Up,Down,0,0.0
2021-04-01 15:50,-9.9999,0.02316,Up,Down,0,-9.9999
2021-04-01 15:55,-9.9999,0.02308,Up,Down,0,-9.9999
2021-04-01 16:00,9.99999,0.02302,Up,Up,1,9.99999
2021-04-01 16:05,-0.0001,0.02295,Up,Down,0,-0.0001
2021-04-01 16:10,0.00083,0.02309,Up,Up,1,0.00083
2021-04-01 16:15,-0.0004,0.02336,Up,Down,0,-0.0004
2021-04-01 16:20,8.0,0.02319,Up,Up,1,8.0
2021-04-01 16:25,-0.0001,0.02292,Up,Down,0,-0.0001
2021-04-01 16:30,6.0,0.02277,Up,Up,1,6.0
2021-04-01 16:35,-0.0001,0.02264,Up,Down,0,-0.0001
2021-04-01 16:40,-9.9999,0.02284,Up,Down,0,-9.9999
2021-04-01 16:45,7.0,0.02274,Up,Up,1,7.0
2021-04-01 16:50,7.0,0.02289,Up,Up,1,7.0
2021-04-01 16:55,-2.9999,0.02297,Up,Down,0,-2.9999
2021-04-01 17:00,0.00018,0.02278,Up,Up,1,0.00018
2021-04-01 17:05,-5.0,0.02274,Up,Down,0,-5.0
2021-04-01 17:10,0.0,0.02273,Up,Down,0,0.0
2021-04-01 17:15,9.99999,0.02271,Up,Up,1,9.99999
2021-04-01 17:20,0.00018,0.02306,Up,Up,1,0.00018
2021-04-01 17:25,1.0,0.02264,Up,Up,1,1.0
2021-04-01 17:30,-0.0001,0.02294,Up,Down,0,-0.0001
2021-04-01 17:35,4.0,0.02283,Up,Up,1,4.0
2021-04-01 17:40,-0.0001,0.02258,Up,Down,0,-0.0001
2021-04-01 17:45,-0.0002,0.02259,Up,Down,0,-0.0002
2021-04-01 17:50,0.00015,0.02295,Up,Up,1,0.00015
2021-04-01 17:55,-0.0001,0.02275,Up,Down,0,-0.0001
2021-04-01 18:00,0.0,0.02333,Up,Down,0,0.0
2021-04-01 18:05,-0.0001,0.02306,Up,Down,0,-0.0001
2021-04-01 18:10,-0.0002,0.02312,Up,Down,0,-0.0002
2021-04-01 18:15,-4.0,0.02291,Up,Down,0,-4.0
2021-04-01 18:20,0.00024,0.02262,Up,Up,1,0.00024
2021-04-01 18:25,-0.0002,0.02286,Up,Down,0,-0.0002
2021-04-01 18:30,8.99999,0.02262,Up,Up,1,8.99999
2021-04-01 18:35,0.00012,0.0227,Up,Up,1,0.00012
2021-04-01 18:40,0.0,0.02266,Up,Down,0,0.0
2021-04-01 18:45,3.99999,0.02265,Up,Up,1,3.99999
2021-04-01 18:50,0.00011,0.02271,Up,Up,1,0.00011
2021-04-01 18:55,1.0,0.02287,Up,Up,1,1.0
2021-04-01 19:00,-8.0,0.02275,Up,Down,0,-8.0
2021-04-01 19:05,-1.9999,0.02272,Up,Down,0,-1.9999
2021-04-01 19:10,9.99999,0.02253,Up,Up,1,9.99999
2021-04-01 19:15,-0.0001,0.02285,Up,Down,0,-0.0001
2021-04-01 19:20,5.99999,0.02268,Up,Up,1,5.99999
2021-04-01 19:25,4.0,0.02263,Up,Up,1,4.0
2021-04-01 19:30,2.99999,0.0227,Up,Up,1,2.99999
2021-04-01 19:35,0.00014,0.02251,Up,Up,1,0.00014
2021-04-01 19:40,6.0,0.02246,Up,Up,1,6.0
2021-04-01 19:45,0.00022,0.02254,Up,Up,1,0.00022
2021-04-01 19:50,0.0001,0.02268,Up,Up,1,0.0001
2021-04-01 19:55,4.0,0.02287,Up,Up,1,4.0
2021-04-01 20:00,-0.0001,0.02284,Up,Down,0,-0.0001
2021-04-01 20:05,-0.0001,0.02264,Up,Down,0,-0.0001
2021-04-01 20:10,-4.0,0.02259,Up,Down,0,-4.0
2021-04-01 20:15,-0.0001,0.02141,Up,Down,0,-0.0001
2021-04-01 20:20,0.00012,0.02258,Up,Up,1,0.00012
2021-04-01 20:25,7.99999,0.02258,Up,Up,1,7.99999
2021-04-01 20:30,5.0,0.02243,Up,Up,1,5.0
2021-04-01 20:35,5.99999,0.01307,Up,Up,1,5.99999
2021-04-01 20:40,9.99999,0.02003,Up,Up,1,9.99999
2021-04-01 20:45,5.0,0.02247,Up,Up,1,5.0
2021-04-01 20:50,-9.0,0.02246,Up,Down,0,-9.0
2021-04-01 20:55,1.0,0.02277,Up,Up,1,1.0
2021-04-01 21:00,1.0,0.01589,Up,Up,1,1.0
2021-04-01 21:05,9.99999,0.01589,Up,Up,1,9.99999
2021-04-01 21:10,-5.9999,0.01963,Up,Down,0,-5.9999
2021-04-01 21:15,-4.0,0.02287,Up,Down,0,-4.0
2021-04-01 21:20,0.00012,0.02244,Up,Up,1,0.00012
2021-04-01 21:25,4.99999,0.02121,Up,Up,1,4.99999
2021-04-01 21:30,-3.9999,0.02258,Up,Down,0,-3.9999
2021-04-01 21:35,-1.0,0.02062,Up,Down,0,-1.0
2021-04-01 21:40,5.99999,0.02271,Up,Up,1,5.99999
2021-04-01 21:45,-1.0,0.02249,Up,Down,0,-1.0
2021-04-01 21:50,-0.0002,0.02247,Up,Down,0,-0.0002
2021-04-01 21:55,0.00045,0.02249,Up,Up,1,0.00045
2021-04-01 22:00,-9.9999,0.02353,Up,Down,0,-9.9999
2021-04-01 22:05,8.0,0.02267,Up,Up,1,8.0
2021-04-01 22:10,1.99999,0.02259,Up,Up,1,1.99999
2021-04-01 22:15,-9.9999,0.02259,Up,Down,0,-9.9999
2021-04-01 22:20,5.99999,0.01609,Up,Up,1,5.99999
2021-04-01 22:25,-8.0,0.02139,Up,Down,0,-8.0
2021-04-01 22:30,1.0,0.02002,Up,Up,1,1.0
2021-04-01 22:35,-1.0,0.02243,Up,Down,0,-1.0
2021-04-01 22:40,0.00016,0.01609,Up,Up,1,0.00016
2021-04-01 22:45,6.99999,0.02249,Up,Up,1,6.99999
2021-04-01 22:50,-0.0001,0.02249,Up,Down,0,-0.0001
2021-04-01 22:55,-5.0,0.02244,Up,Down,0,-5.0
2021-04-01 23:00,-0.0001,0.01924,Up,Down,0,-0.0001
2021-04-01 23:05,0.0,0.02255,Up,Down,0,0.0
2021-04-01 23:10,-2.0,0.0225,Up,Down,0,-2.0
2021-04-01 23:15,-2.9999,0.01688,Up,Down,0,-2.9999
2021-04-01 23:20,-0.0001,0.01884,Up,Down,0,-0.0001
2021-04-01 23:25,0.00011,0.02248,Up,Up,1,0.00011
2021-04-01 23:30,-4.0,0.02139,Up,Down,0,-4.0
2021-04-01 23:35,1.99999,0.02255,Up,Up,1,1.99999
2021-04-01 23:40,-2.9999,0.01588,Up,Down,0,-2.9999
2021-04-01 23:45,-5.9999,0.01709,Up,Down,0,-5.9999
2021-04-01 23:50,0.00011,0.01886,Up,Up,1,0.00011
2021-04-01 23:55,0.00018,0.02022,Up,Up,1,0.00018
2021-04-02 00:00,0.00021,0.02262,Up,Up,1,0.00021
2021-04-02 00:05,-0.0002,0.02279,Up,Down,0,-0.0002
2021-04-02 00:10,-1.0,0.02284,Up,Down,0,-1.0
2021-04-02 00:15,8.0,0.02251,Up,Up,1,8.0
2021-04-02 00:20,-0.0002,0.02243,Up,Down,0,-0.0002
2021-04-02 00:25,-0.0004,0.02263,Up,Down,0,-0.0004
2021-04-02 00:30,-4.0,0.02281,Up,Down,0,-4.0
2021-04-02 00:35,-0.0001,0.02259,Up,Down,0,-0.0001
2021-04-02 00:40,0.00017,0.02271,Up,Up,1,0.00017
2021-04-02 00:45,-0.0001,0.02255,Up,Down,0,-0.0001
2021-04-02 00:50,4.0,0.02278,Up,Up,1,4.0
2021-04-02 00:55,0.00014,0.02269,Up,Up,1,0.00014
2021-04-02 01:00,1.0,0.02267,Up,Up,1,1.0
2021-04-02 01:05,3.99999,0.02252,Up,Up,1,3.99999
2021-04-02 01:10,-1.9999,0.02082,Up,Down,0,-1.9999
2021-04-02 01:15,8.0,0.01788,Up,Up,1,8.0
2021-04-02 01:20,-0.0001,0.02248,Up,Down,0,-0.0001
2021-04-02 01:25,-7.0,0.02254,Up,Down,0,-7.0
2021-04-02 01:30,-9.9999,0.02201,Up,Down,0,-9.9999
2021-04-02 01:35,-0.0001,0.02253,Up,Down,0,-0.0001
2021-04-02 01:40,9.99999,0.02259,Up,Up,1,9.99999
2021-04-02 01:45,1.99999,0.02264,Up,Up,1,1.99999
2021-04-02 01:50,8.0,0.02257,Up,Up,1,8.0
2021-04-02 01:55,1.99999,0.02303,Up,Up,1,1.99999
2021-04-02 02:00,2.0,0.02312,Up,Up,1,2.0
2021-04-02 02:05,5.99999,0.02302,Up,Up,1,5.99999
2021-04-02 02:10,-2.9999,0.0226,Up,Down,0,-2.9999
2021-04-02 02:15,-1.0,0.02161,Up,Down,0,-1.0
2021-04-02 02:20,4.0,0.02142,Up,Up,1,4.0
2021-04-02 02:25,-1.0,0.02244,Up,Down,0,-1.0
2021-04-02 02:30,0.00016,0.01965,Up,Up,1,0.00016
2021-04-02 02:35,0.0,0.02286,Up,Down,0,0.0
2021-04-02 02:40,0.00022,0.02257,Up,Up,1,0.00022
2021-04-02 02:45,-7.0,0.0225,Up,Down,0,-7.0
2021-04-02 02:50,0.00024,0.02255,Up,Up,1,0.00024
2021-04-02 02:55,-0.0001,0.02245,Up,Down,0,-0.0001
2021-04-02 03:00,-1.9999,0.02247,Up,Down,0,-1.9999
2021-04-02 03:05,8.99999,0.02295,Up,Up,1,8.99999
2021-04-02 03:10,0.00014,0.02316,Up,Up,1,0.00014
2021-04-02 03:15,9.99999,0.02296,Up,Up,1,9.99999
2021-04-02 03:20,1.0,0.02301,Up,Up,1,1.0
2021-04-02 03:25,-0.0001,0.02269,Up,Down,0,-0.0001
2021-04-02 03:30,-2.9999,0.02257,Up,Down,0,-2.9999
2021-04-02 03:35,-1.9999,0.02248,Up,Down,0,-1.9999
2021-04-02 03:40,4.99999,0.02299,Up,Up,1,4.99999
2021-04-02 03:45,5.0,0.02299,Up,Up,1,5.0
2021-04-02 03:50,-1.0,0.02306,Up,Down,0,-1.0
2021-04-02 03:55,1.99999,0.02287,Up,Up,1,1.99999
2021-04-02 04:00,-0.0001,0.02253,Up,Down,0,-0.0001
2021-04-02 04:05,-9.9999,0.02255,Up,Down,0,-9.9999
2021-04-02 04:10,-9.9999,0.02249,Up,Down,0,-9.9999
2021-04-02 04:15,1.0,0.02254,Up,Up,1,1.0
2021-04-02 04:20,0.0,0.02255,Up,Down,0,0.0
2021-04-02 04:25,5.99999,0.01709,Up,Up,1,5.99999
2021-04-02 04:30,1.0,0.02257,Up,Up,1,1.0
2021-04-02 04:35,-6.0,0.02253,Up,Down,0,-6.0
2021-04-02 04:40,5.0,0.02249,Up,Up,1,5.0
2021-04-02 04:45,0.00011,0.02251,Up,Up,1,0.00011
2021-04-02 04:50,-4.0,0.02256,Up,Down,0,-4.0
2021-04-02 04:55,0.00011,0.02252,Up,Up,1,0.00011
2021-04-02 05:00,2.99999,0.02178,Up,Up,1,2.99999
2021-04-02 05:05,-9.9999,0.01587,Up,Down,0,-9.9999
2021-04-02 05:10,0.00017,0.01924,Up,Up,1,0.00017
2021-04-02 05:15,-0.0002,0.02158,Up,Down,0,-0.0002
2021-04-02 05:20,-3.9999,0.02258,Up,Down,0,-3.9999
2021-04-02 05:25,0.0001,0.02261,Up,Up,1,0.0001
2021-04-02 05:30,-8.9999,0.02252,Up,Down,0,-8.9999
2021-04-02 05:35,0.0,0.02252,Up,Down,0,0.0
2021-04-02 05:40,-5.0,0.02259,Up,Down,0,-5.0
2021-04-02 05:45,-3.9999,0.02257,Up,Down,0,-3.9999
2021-04-02 05:50,9.99999,0.02247,Up,Up,1,9.99999
2021-04-02 05:55,-9.9999,0.02255,Up,Down,0,-9.9999
2021-04-02 06:00,-0.0001,0.02261,Up,Down,0,-0.0001
2021-04-02 06:05,0.00017,0.02275,Up,Up,1,0.00017
2021-04-02 06:10,-9.9999,0.0227,Up,Down,0,-9.9999
2021-04-02 06:15,6.0,0.02254,Up,Up,1,6.0
2021-04-02 06:20,0.00039,0.02261,Up,Up,1,0.00039
2021-04-02 06:25,-5.9999,0.02295,Up,Down,0,-5.9999
2021-04-02 06:30,-0.0001,0.02261,Up,Down,0,-0.0001
2021-04-02 06:35,-0.0001,0.0226,Up,Down,0,-0.0001
2021-04-02 06:40,9.99999,0.02262,Up,Up,1,9.99999
2021-04-02 06:45,0.0,0.02243,Up,Down,0,0.0
2021-04-02 06:50,-0.0003,0.02243,Up,Down,0,-0.0003
2021-04-02 06:55,0.00016,0.02263,Up,Up,1,0.00016
2021-04-02 07:00,-0.0005,0.02281,Up,Down,0,-0.0005
2021-04-02 07:05,-0.0001,0.02339,Up,Down,0,-0.0001
2021-04-02 07:10,0.00063,0.02275,Up,Up,1,0.00063
2021-04-02 07:15,-4.9999,0.02276,Up,Down,0,-4.9999
2021-04-02 07:20,4.99999,0.02277,Up,Up,1,4.99999
2021-04-02 07:25,0.00025,0.02253,Up,Up,1,0.00025
2021-04-02 07:30,0.0,0.02257,Up,Down,0,0.0
2021-04-02 07:35,0.0,0.02245,Up,Down,0,0.0
2021-04-02 07:40,8.0,0.02268,Up,Up,1,8.0
2021-04-02 07:45,-9.9999,0.02262,Up,Down,0,-9.9999
2021-04-02 07:50,-8.0,0.02255,Up,Down,0,-8.0
2021-04-02 07:55,-0.0001,0.02262,Up,Down,0,-0.0001
2021-04-02 08:00,2.99999,0.02285,Up,Up,1,2.99999
2021-04-02 08:05,0.00041,0.02268,Up,Up,1,0.00041
2021-04-02 08:10,-5.9999,0.02262,Up,Down,0,-5.9999
2021-04-02 08:15,8.99999,0.02255,Up,Up,1,8.99999
2021-04-02 08:20,1.0,0.02267,Up,Up,1,1.0
2021-04-02 08:25,0.00029,0.02246,Up,Up,1,0.00029
2021-04-02 08:30,1.0,0.02276,Up,Up,1,1.0
2021-04-02 08:35,7.0,0.02264,Up,Up,1,7.0
2021-04-02 08:40,-4.0,0.02249,Up,Down,0,-4.0
2021-04-02 08:45,-5.0,0.02276,Up,Down,0,-5.0
2021-04-02 08:50,-0.0001,0.02267,Up,Down,0,-0.0001
2021-04-02 08:55,6.0,0.02292,Up,Up,1,6.0
2021-04-02 09:00,-0.0001,0.02271,Up,Down,0,-0.0001
2021-04-02 09:05,5.99999,0.02253,Up,Up,1,5.99999
2021-04-02 09:10,-7.0,0.02266,Up,Down,0,-7.0
2021-04-02 09:15,0.00012,0.02255,Up,Up,1,0.00012
2021-04-02 09:20,0.00018,0.02254,Up,Up,1,0.00018
2021-04-02 09:25,-2.9999,0.0227,Up,Down,0,-2.9999
2021-04-02 09:30,-1.0,0.02249,Up,Down,0,-1.0
2021-04-02 09:35,-0.0002,0.02039,Up,Down,0,-0.0002
2021-04-02 09:40,-0.0001,0.02275,Up,Down,0,-0.0001
2021-04-02 09:45,-4.0,0.02253,Up,Down,0,-4.0
2021-04-02 09:50,-5.9999,0.02262,Up,Down,0,-5.9999
2021-04-02 09:55,0.00031,0.02246,Up,Up,1,0.00031
2021-04-02 10:00,-0.0001,0.02243,Up,Down,0,-0.0001
2021-04-02 10:05,-0.0001,0.02249,Up,Down,0,-0.0001
2021-04-02 10:10,-5.0,0.02246,Up,Down,0,-5.0
2021-04-02 10:15,4.0,0.02244,Up,Up,1,4.0
2021-04-02 10:20,-0.0001,0.02253,Up,Down,0,-0.0001
2021-04-02 10:25,-0.0001,0.02257,Up,Down,0,-0.0001
2021-04-02 10:30,5.99999,0.02258,Up,Up,1,5.99999
2021-04-02 10:35,0.0,0.02253,Up,Down,0,0.0
2021-04-02 10:40,5.0,0.02247,Up,Up,1,5.0
2021-04-02 10:45,-1.0,0.0226,Up,Down,0,-1.0
2021-04-02 10:50,5.0,0.02259,Up,Up,1,5.0
2021-04-02 10:55,-5.0,0.02266,Up,Down,0,-5.0
2021-04-02 11:00,2.99999,0.02263,Up,Up,1,2.99999
2021-04-02 11:05,9.99999,0.02276,Up,Up,1,9.99999
2021-04-02 11:10,0.00015,0.02255,Up,Up,1,0.00015
2021-04-02 11:15,-0.0001,0.02249,Up,Down,0,-0.0001
2021-04-02 11:20,-0.0005,0.02255,Up,Down,0,-0.0005
2021-04-02 11:25,0.00018,0.02317,Up,Up,1,0.00018
2021-04-02 11:30,-8.0,0.02259,Up,Down,0,-8.0
2021-04-02 11:35,2.0,0.02259,Up,Up,1,2.0
2021-04-02 11:40,0.0,0.02248,Up,Down,0,0.0
2021-04-02 11:45,-9.0,0.02253,Up,Down,0,-9.0
2021-04-02 11:50,-4.9999,0.02254,Up,Down,0,-4.9999
2021-04-02 11:55,-9.9999,0.02274,Up,Down,0,-9.9999
2021-04-02 12:00,0.00015,0.02284,Up,Up,1,0.00015
2021-04-02 12:05,-0.0002,0.02274,Up,Down,0,-0.0002
2021-04-02 12:10,-0.0001,0.02259,Up,Down,0,-0.0001
2021-04-02 12:15,5.0,0.02272,Up,Up,1,5.0
2021-04-02 12:20,-0.0002,0.02288,Up,Down,0,-0.0002
2021-04-02 12:25,5.0,0.0237,Up,Up,1,5.0
2021-04-02 12:30,0.00078,0.02741,Up,Up,1,0.00078
2021-04-02 12:35,-0.0008,0.02483,Up,Down,0,-0.0008
2021-04-02 12:40,0.00019,0.0238,Up,Up,1,0.00019
2021-04-02 12:45,-0.0004,0.02335,Up,Down,0,-0.0004
2021-04-02 12:50,0.00025,0.02319,Up,Up,1,0.00025
2021-04-02 12:55,-0.0003,0.02303,Up,Down,0,-0.0003
2021-04-02 13:00,-0.001,0.02315,Up,Down,0,-0.001
2021-04-02 13:05,0.00032,0.02467,Up,Up,1,0.00032
2021-04-02 13:10,-0.0002,0.02355,Up,Down,0,-0.0002
2021-04-02 13:15,2.99999,0.02319,Up,Up,1,2.99999
2021-04-02 13:20,-0.0002,0.02285,Up,Down,0,-0.0002
2021-04-02 13:25,0.00041,0.02293,Up,Up,1,0.00041
2021-04-02 13:30,0.00056,0.02313,Up,Up,1,0.00056
2021-04-02 13:35,0.00055,0.02305,Up,Up,1,0.00055
2021-04-02 13:40,-0.0003,0.02308,Up,Down,0,-0.0003
2021-04-02 13:45,0.00031,0.023,Up,Up,1,0.00031
2021-04-02 13:50,-1.0,0.02276,Up,Down,0,-1.0
2021-04-02 13:55,-0.0003,0.02275,Up,Down,0,-0.0003
2021-04-02 14:00,-0.0003,0.02283,Up,Down,0,-0.0003
2021-04-02 14:05,-0.0005,0.02284,Up,Down,0,-0.0005
2021-04-02 14:10,0.00014,0.02329,Up,Up,1,0.00014
2021-04-02 14:15,8.0,0.02278,Up,Up,1,8.0
2021-04-02 14:20,-0.0002,0.02287,Up,Down,0,-0.0002
2021-04-02 14:25,0.0002,0.0229,Up,Up,1,0.0002
2021-04-02 14:30,0.00011,0.02273,Up,Up,1,0.00011
2021-04-02 14:35,-2.9999,0.02271,Up,Down,0,-2.9999
2021-04-02 14:40,-0.0002,0.0227,Up,Down,0,-0.0002
2021-04-02 14:45,-4.0,0.02293,Up,Down,0,-4.0
2021-04-02 14:50,0.00018,0.02278,Up,Up,1,0.00018
2021-04-02 14:55,1.0,0.02284,Up,Up,1,1.0
2021-04-02 15:00,0.00011,0.0226,Up,Up,1,0.00011
2021-04-02 15:05,-9.9999,0.0226,Up,Down,0,-9.9999
2021-04-02 15:10,-0.0002,0.02256,Up,Down,0,-0.0002
2021-04-02 15:15,-7.0,0.02345,Up,Down,0,-7.0
2021-04-02 15:20,0.00019,0.02546,Up,Up,1,0.00019
2021-04-02 15:25,-9.0,0.0248,Up,Down,0,-9.0
2021-04-02 15:30,1.0,0.02855,Up,Up,1,1.0
2021-04-02 15:35,5.99999,0.02713,Up,Up,1,5.99999
2021-04-02 15:40,2.99999,0.02887,Up,Up,1,2.99999
2021-04-02 15:45,0.00011,0.02456,Up,Up,1,0.00011
2021-04-02 15:50,0.00011,0.02277,Up,Up,1,0.00011
2021-04-02 15:55,-7.0,0.02338,Up,Down,0,-7.0
2021-04-02 16:00,0.0,0.02443,Up,Down,0,0.0
2021-04-02 16:05,5.0,0.0226,Up,Up,1,5.0
2021-04-02 16:10,2.99999,0.02292,Up,Up,1,2.99999
2021-04-02 16:15,1.99999,0.02378,Up,Up,1,1.99999
2021-04-02 16:20,-0.0001,0.02809,Up,Down,0,-0.0001
2021-04-02 16:25,9.99999,0.02315,Up,Up,1,9.99999
2021-04-02 16:30,5.0,0.02429,Up,Up,1,5.0
2021-04-02 16:35,1.0,0.02371,Up,Up,1,1.0
2021-04-02 16:40,-4.0,0.02266,Up,Down,0,-4.0
2021-04-02 16:45,1.0,0.02287,Up,Up,1,1.0
2021-04-02 16:50,-2.0,0.02306,Up,Down,0,-2.0
2021-04-02 16:55,0.0,0.02252,Up,Down,0,0.0
2021-04-02 17:00,4.0,0.02259,Up,Up,1,4.0
2021-04-02 17:05,5.99999,0.02268,Up,Up,1,5.99999
2021-04-02 17:10,1.0,0.02248,Up,Up,1,1.0
2021-04-02 17:15,1.99999,0.02251,Up,Up,1,1.99999
2021-04-02 17:20,1.0,0.02316,Up,Up,1,1.0
2021-04-02 17:25,1.0,0.0258,Up,Up,1,1.0
2021-04-02 17:30,-2.0,0.02252,Up,Down,0,-2.0
2021-04-02 17:35,2.0,0.0225,Up,Up,1,2.0
2021-04-02 17:40,9.99999,0.02244,Up,Up,1,9.99999
2021-04-02 17:45,5.0,0.02258,Up,Up,1,5.0
2021-04-02 17:50,-1.0,0.02252,Up,Down,0,-1.0
2021-04-02 17:55,-2.9999,0.02204,Up,Down,0,-2.9999
2021-04-02 18:00,-7.0,0.0232,Up,Down,0,-7.0
2021-04-02 18:05,1.0,0.02257,Up,Up,1,1.0
2021-04-02 18:10,-2.0,0.02277,Up,Down,0,-2.0
2021-04-02 18:15,0.00014,0.02256,Up,Up,1,0.00014
2021-04-02 18:20,-0.0001,0.02268,Up,Down,0,-0.0001
2021-04-02 18:25,7.0,0.02263,Up,Up,1,7.0
2021-04-02 18:30,1.0,0.02254,Up,Up,1,1.0
2021-04-02 18:35,4.0,0.02048,Up,Up,1,4.0
2021-04-02 18:40,4.99999,0.01754,Up,Up,1,4.99999
2021-04-02 18:45,-2.9999,0.02255,Up,Down,0,-2.9999
2021-04-02 18:50,-7.0,0.01911,Up,Down,0,-7.0
2021-04-02 18:55,2.99999,0.0199,Up,Up,1,2.99999
2021-04-02 19:00,5.0,0.02247,Up,Up,1,5.0
2021-04-02 19:05,5.99999,0.0225,Up,Up,1,5.99999
2021-04-02 19:10,5.99999,0.02255,Up,Up,1,5.99999
2021-04-02 19:15,-2.9999,0.02165,Up,Down,0,-2.9999
2021-04-02 19:20,7.0,0.02186,Up,Up,1,7.0
2021-04-02 19:25,-4.0,0.01593,Up,Down,0,-4.0
2021-04-02 19:30,-0.0002,0.01871,Up,Down,0,-0.0002
2021-04-02 19:35,-4.0,0.0233,Up,Down,0,-4.0
2021-04-02 19:40,-9.9999,0.02293,Up,Down,0,-9.9999
2021-04-02 19:45,9.99999,0.02324,Up,Up,1,9.99999
2021-04-02 19:50,-4.9999,0.02413,Up,Down,0,-4.9999
2021-04-02 19:55,7.0,0.0249,Up,Up,1,7.0
2021-04-02 20:00,-8.0,0.02393,Up,Down,0,-8.0
2021-04-02 20:05,2.0,0.02288,Up,Up,1,2.0
2021-04-02 20:10,6.99999,0.02269,Up,Up,1,6.99999
2021-04-02 20:15,4.0,0.02392,Up,Up,1,4.0
2021-04-02 20:20,2.0,0.02309,Up,Up,1,2.0
2021-04-02 20:25,-2.9999,0.0229,Up,Down,0,-2.9999
2021-04-02 20:30,-5.0,0.0228,Up,Down,0,-5.0
2021-04-02 20:35,9.99999,0.02273,Up,Up,1,9.99999
2021-04-02 20:40,-0.0001,0.02278,Up,Down,0,-0.0001
2021-04-02 20:45,-2.0,0.02295,Up,Down,0,-2.0
2021-04-02 20:50,0.0,0.02266,Up,Down,0,0.0
2021-04-02 20:55,-0.0005,0.02334,Up,Down,0,-0.0005
2021-04-04 21:00,0.00024,0.01622,Up,Up,1,0.00024
2021-04-04 21:05,-0.0001,0.02258,Up,Down,0,-0.0001
2021-04-04 21:10,2.0,0.01741,Up,Up,1,2.0
2021-04-04 21:15,0.0,0.01597,Up,Down,0,0.0
2021-04-04 21:20,0.0,0.00221,Up,Down,0,0.0
2021-04-04 21:25,0.0,0.00611,Up,Down,0,0.0
2021-04-04 21:30,1.99999,0.01639,Up,Up,1,1.99999
2021-04-04 21:35,2.0,0.01597,Up,Up,1,2.0
2021-04-04 21:40,-4.0,0.01894,Up,Down,0,-4.0
2021-04-04 21:45,9.99999,0.0205,Up,Up,1,9.99999
2021-04-04 21:50,-0.0001,0.02307,Up,Down,0,-0.0001
2021-04-04 21:55,0.00102,0.02091,Up,Up,1,0.00102
2021-04-04 22:00,-0.0001,0.02361,Up,Down,0,-0.0001
2021-04-04 22:05,-0.0001,0.02331,Up,Down,0,-0.0001
2021-04-04 22:10,-3.9999,0.02346,Up,Down,0,-3.9999
2021-04-04 22:15,-9.9999,0.02267,Up,Down,0,-9.9999
2021-04-04 22:20,4.99999,0.0227,Up,Up,1,4.99999
2021-04-04 22:25,2.0,0.0226,Up,Up,1,2.0
2021-04-04 22:30,0.00014,0.02286,Up,Up,1,0.00014
2021-04-04 22:35,-4.9999,0.02296,Up,Down,0,-4.9999
2021-04-04 22:40,1.99999,0.02298,Up,Up,1,1.99999
2021-04-04 22:45,-7.0,0.02288,Up,Down,0,-7.0
2021-04-04 22:50,-8.0,0.02262,Up,Down,0,-8.0
2021-04-04 22:55,-0.0001,0.02266,Up,Down,0,-0.0001
2021-04-04 23:00,8.0,0.02288,Up,Up,1,8.0
2021-04-04 23:05,-7.0,0.02281,Up,Down,0,-7.0
2021-04-04 23:10,4.0,0.02255,Up,Up,1,4.0
2021-04-04 23:15,0.00014,0.02254,Up,Up,1,0.00014
2021-04-04 23:20,6.0,0.02266,Up,Up,1,6.0
2021-04-04 23:25,0.00017,0.02248,Up,Up,1,0.00017
2021-04-04 23:30,0.0,0.0226,Up,Down,0,0.0
2021-04-04 23:35,-9.9999,0.02254,Up,Down,0,-9.9999
2021-04-04 23:40,2.0,0.02252,Up,Up,1,2.0
2021-04-04 23:45,7.0,0.02251,Up,Up,1,7.0
2021-04-04 23:50,0.00025,0.02248,Up,Up,1,0.00025
2021-04-04 23:55,-0.0001,0.02264,Up,Down,0,-0.0001
2021-04-05 00:00,-0.0003,0.02265,Up,Down,0,-0.0003
2021-04-05 00:05,-1.0,0.02273,Up,Down,0,-1.0
2021-04-05 00:10,0.00015,0.02258,Up,Up,1,0.00015
2021-04-05 00:15,0.00014,0.0226,Up,Up,1,0.00014
2021-04-05 00:20,0.00011,0.02259,Up,Up,1,0.00011
2021-04-05 00:25,2.0,0.02258,Up,Up,1,2.0
2021-04-05 00:30,2.99999,0.02253,Up,Up,1,2.99999
2021-04-05 00:35,-9.9999,0.02271,Up,Down,0,-9.9999
2021-04-05 00:40,9.99999,0.02273,Up,Up,1,9.99999
2021-04-05 00:45,-0.0001,0.02263,Up,Down,0,-0.0001
2021-04-05 00:50,2.99999,0.02309,Up,Up,1,2.99999
2021-04-05 00:55,0.00011,0.02283,Up,Up,1,0.00011
2021-04-05 01:00,-0.0001,0.02262,Up,Down,0,-0.0001
2021-04-05 01:05,2.99999,0.02256,Up,Up,1,2.99999
2021-04-05 01:10,7.0,0.02255,Up,Up,1,7.0
2021-04-05 01:15,0.00025,0.02265,Up,Up,1,0.00025
2021-04-05 01:20,1.0,0.02267,Up,Up,1,1.0
2021-04-05 01:25,-7.0,0.02266,Up,Down,0,-7.0
2021-04-05 01:30,4.99999,0.02259,Up,Up,1,4.99999
2021-04-05 01:35,1.0,0.02307,Up,Up,1,1.0
2021-04-05 01:40,0.00028,0.02247,Up,Up,1,0.00028
2021-04-05 01:45,-0.0001,0.02263,Up,Down,0,-0.0001
2021-04-05 01:50,0.0,0.02272,Up,Down,0,0.0
2021-04-05 01:55,0.0,0.02271,Up,Down,0,0.0
2021-04-05 02:00,-0.0001,0.0227,Up,Down,0,-0.0001
2021-04-05 02:05,1.0,0.0227,Up,Up,1,1.0
2021-04-05 02:10,-5.0,0.02258,Up,Down,0,-5.0
2021-04-05 02:15,1.99999,0.02262,Up,Up,1,1.99999
2021-04-05 02:20,6.0,0.02263,Up,Up,1,6.0
2021-04-05 02:25,-9.0,0.02248,Up,Down,0,-9.0
2021-04-05 02:30,-4.9999,0.02255,Up,Down,0,-4.9999
2021-04-05 02:35,0.0,0.02278,Up,Down,0,0.0
2021-04-05 02:40,-2.9999,0.0227,Up,Down,0,-2.9999
2021-04-05 02:45,-8.0,0.02262,Up,Down,0,-8.0
2021-04-05 02:50,1.0,0.02283,Up,Up,1,1.0
2021-04-05 02:55,-9.9999,0.02258,Up,Down,0,-9.9999
2021-04-05 03:00,0.00017,0.02263,Up,Up,1,0.00017
2021-04-05 03:05,4.0,0.02254,Up,Up,1,4.0
2021-04-05 03:10,0.00015,0.02251,Up,Up,1,0.00015
2021-04-05 03:15,9.99999,0.02045,Up,Up,1,9.99999
2021-04-05 03:20,1.99999,0.02248,Up,Up,1,1.99999
2021-04-05 03:25,-7.0,0.02246,Up,Down,0,-7.0
2021-04-05 03:30,2.99999,0.02253,Up,Up,1,2.99999
2021-04-05 03:35,1.0,0.02255,Up,Up,1,1.0
2021-04-05 03:40,1.99999,0.02254,Up,Up,1,1.99999
2021-04-05 03:45,2.0,0.02264,Up,Up,1,2.0
2021-04-05 03:50,-4.0,0.02247,Up,Down,0,-4.0
2021-04-05 03:55,0.0,0.02245,Up,Down,0,0.0
2021-04-05 04:00,-9.9999,0.02263,Up,Down,0,-9.9999
2021-04-05 04:05,-0.0002,0.02256,Up,Down,0,-0.0002
2021-04-05 04:10,-0.0002,0.02293,Up,Down,0,-0.0002
2021-04-05 04:15,-2.0,0.02287,Up,Down,0,-2.0
2021-04-05 04:20,-3.9999,0.02273,Up,Down,0,-3.9999
2021-04-05 04:25,-0.0001,0.02274,Up,Down,0,-0.0001
2021-04-05 04:30,6.0,0.02261,Up,Up,1,6.0
2021-04-05 04:35,-0.0001,0.02087,Up,Down,0,-0.0001
2021-04-05 04:40,0.0,0.02256,Up,Down,0,0.0
2021-04-05 04:45,-0.0001,0.02291,Up,Down,0,-0.0001
2021-04-05 04:50,-8.0,0.02252,Up,Down,0,-8.0
2021-04-05 04:55,0.00011,0.02286,Up,Up,1,0.00011
2021-04-05 05:00,-0.0001,0.02256,Up,Down,0,-0.0001
2021-04-05 05:05,6.99999,0.02256,Up,Up,1,6.99999
2021-04-05 05:10,-9.9999,0.02251,Up,Down,0,-9.9999
2021-04-05 05:15,0.0,0.01814,Up,Down,0,0.0
2021-04-05 05:20,9.99999,0.01794,Up,Up,1,9.99999
2021-04-05 05:25,-0.0002,0.02251,Up,Down,0,-0.0002
2021-04-05 05:30,-5.9999,0.02281,Up,Down,0,-5.9999
2021-04-05 05:35,-0.0001,0.02252,Up,Down,0,-0.0001
2021-04-05 05:40,-0.0003,0.02279,Up,Down,0,-0.0003
2021-04-05 05:45,5.0,0.02316,Up,Up,1,5.0
2021-04-05 05:50,-0.0002,0.02271,Up,Down,0,-0.0002
2021-04-05 05:55,0.00011,0.02321,Up,Up,1,0.00011
2021-04-05 06:00,-0.0003,0.02272,Up,Down,0,-0.0003
2021-04-05 06:05,0.00025,0.02298,Up,Up,1,0.00025
2021-04-05 06:10,0.00023,0.02291,Up,Up,1,0.00023
2021-04-05 06:15,1.99999,0.02319,Up,Up,1,1.99999
2021-04-05 06:20,-0.0001,0.02268,Up,Down,0,-0.0001
2021-04-05 06:25,3.0,0.02288,Up,Up,1,3.0
2021-04-05 06:30,0.0001,0.02282,Up,Up,1,0.0001
2021-04-05 06:35,1.0,0.0227,Up,Up,1,1.0
2021-04-05 06:40,-0.0002,0.02288,Up,Down,0,-0.0002
2021-04-05 06:45,0.0,0.02299,Up,Down,0,0.0
2021-04-05 06:50,-0.0001,0.02281,Up,Down,0,-0.0001
2021-04-05 06:55,-0.0003,0.02307,Up,Down,0,-0.0003
2021-04-05 07:00,0.00075,0.0236,Up,Up,1,0.00075
2021-04-05 07:05,-0.0003,0.02291,Up,Down,0,-0.0003
2021-04-05 07:10,1.99999,0.02318,Up,Up,1,1.99999
2021-04-05 07:15,-8.9999,0.02271,Up,Down,0,-8.9999
2021-04-05 07:20,8.99999,0.02277,Up,Up,1,8.99999
2021-04-05 07:25,7.0,0.02272,Up,Up,1,7.0
2021-04-05 07:30,8.0,0.02289,Up,Up,1,8.0
2021-04-05 07:35,-0.0002,0.02292,Up,Down,0,-0.0002
2021-04-05 07:40,-0.0006,0.02291,Up,Down,0,-0.0006
2021-04-05 07:45,0.00035,0.02365,Up,Up,1,0.00035
2021-04-05 07:50,-0.0002,0.02287,Up,Down,0,-0.0002
2021-04-05 07:55,0.00025,0.02322,Up,Up,1,0.00025
2021-04-05 08:00,0.00028,0.02368,Up,Up,1,0.00028
2021-04-05 08:05,0.00019,0.02359,Up,Up,1,0.00019
2021-04-05 08:10,0.00019,0.02309,Up,Up,1,0.00019
2021-04-05 08:15,-1.0,0.02282,Up,Down,0,-1.0
2021-04-05 08:20,0.00043,0.02275,Up,Up,1,0.00043
2021-04-05 08:25,9.99999,0.02293,Up,Up,1,9.99999
2021-04-05 08:30,-0.0003,0.02278,Up,Down,0,-0.0003
2021-04-05 08:35,-8.0,0.02298,Up,Down,0,-8.0
2021-04-05 08:40,-0.0002,0.02286,Up,Down,0,-0.0002
2021-04-05 08:45,-0.0004,0.02283,Up,Down,0,-0.0004
2021-04-05 08:50,0.00014,0.02301,Up,Up,1,0.00014
2021-04-05 08:55,0.00011,0.023,Up,Up,1,0.00011
2021-04-05 09:00,-0.0001,0.02281,Up,Down,0,-0.0001
2021-04-05 09:05,-0.0001,0.02283,Up,Down,0,-0.0001
2021-04-05 09:10,-0.0001,0.02283,Up,Down,0,-0.0001
2021-04-05 09:15,-0.0002,0.02289,Up,Down,0,-0.0002
2021-04-05 09:20,3.99999,0.02307,Up,Up,1,3.99999
2021-04-05 09:25,0.0,0.02304,Up,Down,0,0.0
2021-04-05 09:30,3.0,0.02313,Up,Up,1,3.0
2021-04-05 09:35,-0.0001,0.02316,Up,Down,0,-0.0001
2021-04-05 09:40,-5.9999,0.02314,Up,Down,0,-5.9999
2021-04-05 09:45,0.00012,0.02288,Up,Up,1,0.00012
2021-04-05 09:50,-0.0001,0.0228,Up,Down,0,-0.0001
2021-04-05 09:55,-0.0002,0.02265,Up,Down,0,-0.0002
2021-04-05 10:00,0.00021,0.02279,Up,Up,1,0.00021
2021-04-05 10:05,0.00015,0.02268,Up,Up,1,0.00015
2021-04-05 10:10,9.99999,0.02259,Up,Up,1,9.99999
2021-04-05 10:15,0.00015,0.02018,Up,Up,1,0.00015
2021-04-05 10:20,0.00028,0.02267,Up,Up,1,0.00028
2021-04-05 10:25,-8.0,0.02293,Up,Down,0,-8.0
2021-04-05 10:30,0.00012,0.02274,Up,Up,1,0.00012
2021-04-05 10:35,-1.0,0.02279,Up,Down,0,-1.0
2021-04-05 10:40,-3.9999,0.02272,Up,Down,0,-3.9999
2021-04-05 10:45,0.0002,0.02264,Up,Up,1,0.0002
2021-04-05 10:50,0.00012,0.02262,Up,Up,1,0.00012
2021-04-05 10:55,0.00014,0.02269,Up,Up,1,0.00014
2021-04-05 11:00,9.99999,0.02268,Up,Up,1,9.99999
2021-04-05 11:05,0.00014,0.02256,Up,Up,1,0.00014
2021-04-05 11:10,0.00015,0.02261,Up,Up,1,0.00015
2021-04-05 11:15,9.99999,0.02278,Up,Up,1,9.99999
2021-04-05 11:20,9.99999,0.02266,Up,Up,1,9.99999
2021-04-05 11:25,7.0,0.02279,Up,Up,1,7.0
2021-04-05 11:30,1.0,0.02305,Up,Up,1,1.0
2021-04-05 11:35,-5.0,0.02317,Up,Down,0,-5.0
2021-04-05 11:40,-2.9999,0.02307,Up,Down,0,-2.9999
2021-04-05 11:45,-1.0,0.02297,Up,Down,0,-1.0
2021-04-05 11:50,0.00019,0.02323,Up,Up,1,0.00019
2021-04-05 11:55,-0.0001,0.02293,Up,Down,0,-0.0001
2021-04-05 12:00,3.99999,0.02324,Up,Up,1,3.99999
2021-04-05 12:05,0.00031,0.02274,Up,Up,1,0.00031
2021-04-05 12:10,0.00014,0.02294,Up,Up,1,0.00014
2021-04-05 12:15,4.0,0.02307,Up,Up,1,4.0
2021-04-05 12:20,-5.9999,0.02325,Up,Down,0,-5.9999
2021-04-05 12:25,0.00035,0.02288,Up,Up,1,0.00035
2021-04-05 12:30,0.00119,0.02316,Up,Up,1,0.00119
2021-04-05 12:35,8.0,0.02399,Up,Up,1,8.0
2021-04-05 12:40,-6.0,0.02404,Up,Down,0,-6.0
2021-04-05 12:45,0.00028,0.02337,Up,Up,1,0.00028
2021-04-05 12:50,-0.0001,0.02376,Up,Down,0,-0.0001
2021-04-05 12:55,-7.0,0.02311,Up,Down,0,-7.0
2021-04-05 13:00,0.00019,0.02364,Up,Up,1,0.00019
2021-04-05 13:05,0.00022,0.02304,Up,Up,1,0.00022
2021-04-05 13:10,-0.0001,0.02307,Up,Down,0,-0.0001
2021-04-05 13:15,0.00019,0.02306,Up,Up,1,0.00019
2021-04-05 13:20,-8.9999,0.02273,Up,Down,0,-8.9999
2021-04-05 13:25,5.99999,0.02295,Up,Up,1,5.99999
2021-04-05 13:30,4.0,0.02373,Up,Up,1,4.0
2021-04-05 13:35,0.00043,0.02323,Up,Up,1,0.00043
2021-04-05 13:40,0.00069,0.02361,Up,Up,1,0.00069
2021-04-05 13:45,0.00041,0.02398,Up,Up,1,0.00041
2021-04-05 13:50,-0.0001,0.02318,Up,Down,0,-0.0001
2021-04-05 13:55,0.00046,0.02355,Up,Up,1,0.00046
2021-04-05 14:00,0.00021,0.02415,Up,Up,1,0.00021
2021-04-05 14:05,-0.0002,0.02329,Up,Down,0,-0.0002
2021-04-05 14:10,0.00053,0.02357,Up,Up,1,0.00053
2021-04-05 14:15,0.0001,0.02321,Up,Up,1,0.0001
2021-04-05 14:20,0.00036,0.02303,Up,Up,1,0.00036
2021-04-05 14:25,-0.0001,0.02306,Up,Down,0,-0.0001
2021-04-05 14:30,-0.0001,0.02321,Up,Down,0,-0.0001
2021-04-05 14:35,-0.0001,0.02334,Up,Down,0,-0.0001
2021-04-05 14:40,-0.0001,0.02349,Up,Down,0,-0.0001
2021-04-05 14:45,-0.0003,0.02333,Up,Down,0,-0.0003
2021-04-05 14:50,-0.0003,0.02352,Up,Down,0,-0.0003
2021-04-05 14:55,-0.0001,0.02332,Up,Down,0,-0.0001
2021-04-05 15:00,0.00049,0.02323,Up,Up,1,0.00049
2021-04-05 15:05,9.0,0.02273,Up,Up,1,9.0
2021-04-05 15:10,0.00059,0.02289,Up,Up,1,0.00059
2021-04-05 15:15,0.00026,0.02304,Up,Up,1,0.00026
2021-04-05 15:20,-4.0,0.02293,Up,Down,0,-4.0
2021-04-05 15:25,7.0,0.02272,Up,Up,1,7.0
2021-04-05 15:30,-1.0,0.02254,Up,Down,0,-1.0
2021-04-05 15:35,-9.9999,0.02261,Up,Down,0,-9.9999
2021-04-05 15:40,2.0,0.02276,Up,Up,1,2.0
2021-04-05 15:45,-2.9999,0.02267,Up,Down,0,-2.9999
2021-04-05 15:50,-0.0001,0.02249,Up,Down,0,-0.0001
2021-04-05 15:55,7.0,0.0228,Up,Up,1,7.0
2021-04-05 16:00,-4.0,0.02247,Up,Down,0,-4.0
2021-04-05 16:05,0.0,0.02263,Up,Down,0,0.0
2021-04-05 16:10,0.00012,0.02246,Up,Up,1,0.00012
2021-04-05 16:15,0.00031,0.02241,Up,Up,1,0.00031
2021-04-05 16:20,9.0,0.02257,Up,Up,1,9.0
2021-04-05 16:25,-7.0,0.02267,Up,Down,0,-7.0
2021-04-05 16:30,-3.0,0.02243,Up,Down,0,-3.0
2021-04-05 16:35,5.0,0.02248,Up,Up,1,5.0
2021-04-05 16:40,5.0,0.02265,Up,Up,1,5.0
2021-04-05 16:45,-1.0,0.02236,Up,Down,0,-1.0
2021-04-05 16:50,4.99999,0.02243,Up,Up,1,4.99999
2021-04-05 16:55,-0.0001,0.02239,Up,Down,0,-0.0001
2021-04-05 17:00,4.0,0.02274,Up,Up,1,4.0
2021-04-05 17:05,-2.0,0.02262,Up,Down,0,-2.0
2021-04-05 17:10,0.00041,0.02258,Up,Up,1,0.00041
2021-04-05 17:15,-0.0001,0.02266,Up,Down,0,-0.0001
2021-04-05 17:20,-9.9999,0.02269,Up,Down,0,-9.9999
2021-04-05 17:25,-2.0,0.02251,Up,Down,0,-2.0
2021-04-05 17:30,-0.0001,0.02249,Up,Down,0,-0.0001
2021-04-05 17:35,-1.9999,0.02257,Up,Down,0,-1.9999
2021-04-05 17:40,-0.0001,0.02242,Up,Down,0,-0.0001
2021-04-05 17:45,-9.9999,0.02271,Up,Down,0,-9.9999
2021-04-05 17:50,-2.0,0.02245,Up,Down,0,-2.0
2021-04-05 17:55,-2.9999,0.02258,Up,Down,0,-2.9999
2021-04-05 18:00,0.0,0.02223,Up,Down,0,0.0
2021-04-05 18:05,-0.0001,0.02233,Up,Down,0,-0.0001
2021-04-05 18:10,0.0001,0.02246,Up,Up,1,0.0001
2021-04-05 18:15,-0.0001,0.0226,Up,Down,0,-0.0001
2021-04-05 18:20,4.99999,0.02288,Up,Up,1,4.99999
2021-04-05 18:25,-9.9999,0.02235,Up,Down,0,-9.9999
2021-04-05 18:30,2.99999,0.02238,Up,Up,1,2.99999
2021-04-05 18:35,8.0,0.0225,Up,Up,1,8.0
2021-04-05 18:40,-1.9999,0.02257,Up,Down,0,-1.9999
2021-04-05 18:45,-8.0,0.02248,Up,Down,0,-8.0
2021-04-05 18:50,4.99999,0.02269,Up,Up,1,4.99999
2021-04-05 18:55,0.0,0.02304,Up,Down,0,0.0
2021-04-05 19:00,-1.9999,0.0227,Up,Down,0,-1.9999
2021-04-05 19:05,1.0,0.02245,Up,Up,1,1.0
2021-04-05 19:10,-9.9999,0.0226,Up,Down,0,-9.9999
2021-04-05 19:15,9.99999,0.02271,Up,Up,1,9.99999
2021-04-05 19:20,-0.0001,0.02252,Up,Down,0,-0.0001
2021-04-05 19:25,-5.0,0.02257,Up,Down,0,-5.0
2021-04-05 19:30,0.00022,0.02256,Up,Up,1,0.00022
2021-04-05 19:35,0.0,0.02245,Up,Down,0,0.0
2021-04-05 19:40,-5.0,0.02234,Up,Down,0,-5.0
2021-04-05 19:45,0.00011,0.0226,Up,Up,1,0.00011
2021-04-05 19:50,0.00022,0.02245,Up,Up,1,0.00022
2021-04-05 19:55,-0.0002,0.02278,Up,Down,0,-0.0002
2021-04-05 20:00,-2.9999,0.0225,Up,Down,0,-2.9999
2021-04-05 20:05,-0.0001,0.02237,Up,Down,0,-0.0001
2021-04-05 20:10,7.0,0.0195,Up,Up,1,7.0
2021-04-05 20:15,1.0,0.01616,Up,Up,1,1.0
2021-04-05 20:20,3.99999,0.01574,Up,Up,1,3.99999
2021-04-05 20:25,-3.9999,0.02235,Up,Down,0,-3.9999
2021-04-05 20:30,-1.0,0.01575,Up,Down,0,-1.0
2021-04-05 20:35,1.99999,0.01615,Up,Up,1,1.99999
2021-04-05 20:40,0.00012,0.02184,Up,Up,1,0.00012
2021-04-05 20:45,4.0,0.02232,Up,Up,1,4.0
2021-04-05 20:50,3.99999,0.02238,Up,Up,1,3.99999
2021-04-05 20:55,-7.0,0.02239,Up,Down,0,-7.0
2021-04-05 21:00,0.0,0.01597,Up,Down,0,0.0
2021-04-05 21:05,0.0,0.01678,Up,Down,0,0.0
2021-04-05 21:10,5.0,-0.0011,Down,Up,0,0.0
2021-04-05 21:15,0.0,0.01272,Up,Down,0,0.0
2021-04-05 21:20,2.99999,-0.0011,Down,Up,0,0.0
2021-04-05 21:25,2.99999,0.01574,Up,Up,1,2.99999
2021-04-05 21:30,1.0,0.01771,Up,Up,1,1.0
2021-04-05 21:35,-7.0,0.0223,Up,Down,0,-7.0
2021-04-05 21:40,0.0,0.02236,Up,Down,0,0.0
2021-04-05 21:45,1.0,0.02007,Up,Up,1,1.0
2021-04-05 21:50,1.99999,0.01928,Up,Up,1,1.99999
2021-04-05 21:55,9.99999,0.01654,Up,Up,1,9.99999
2021-04-05 22:00,-1.0,0.02237,Up,Down,0,-1.0
2021-04-05 22:05,-8.9999,0.02238,Up,Down,0,-8.9999
2021-04-05 22:10,-1.0,0.02239,Up,Down,0,-1.0
2021-04-05 22:15,5.0,0.01928,Up,Up,1,5.0
2021-04-05 22:20,-1.9999,0.01752,Up,Down,0,-1.9999
2021-04-05 22:25,-3.0,0.01575,Up,Down,0,-3.0
2021-04-05 22:30,2.0,0.02232,Up,Up,1,2.0
2021-04-05 22:35,4.0,0.02233,Up,Up,1,4.0
2021-04-05 22:40,8.99999,0.0223,Up,Up,1,8.99999
2021-04-05 22:45,4.99999,0.0223,Up,Up,1,4.99999
2021-04-05 22:50,-3.9999,0.01967,Up,Down,0,-3.9999
2021-04-05 22:55,9.99999,0.01573,Up,Up,1,9.99999
2021-04-05 23:00,4.0,0.0223,Up,Up,1,4.0
2021-04-05 23:05,-1.9999,0.02229,Up,Down,0,-1.9999
2021-04-05 23:10,7.99999,0.02202,Up,Up,1,7.99999
2021-04-05 23:15,0.00011,0.01927,Up,Up,1,0.00011
2021-04-05 23:20,0.0,0.02237,Up,Down,0,0.0
2021-04-05 23:25,1.0,0.01731,Up,Up,1,1.0
2021-04-05 23:30,-8.9999,0.02236,Up,Down,0,-8.9999
2021-04-05 23:35,0.0,0.02237,Up,Down,0,0.0
2021-04-05 23:40,1.99999,0.02103,Up,Up,1,1.99999
2021-04-05 23:45,0.00014,0.02233,Up,Up,1,0.00014
2021-04-05 23:50,-2.0,0.02242,Up,Down,0,-2.0
2021-04-05 23:55,0.00016,0.02233,Up,Up,1,0.00016
2021-04-06 00:00,0.00014,0.02261,Up,Up,1,0.00014
2021-04-06 00:05,-0.0001,0.02247,Up,Down,0,-0.0001
2021-04-06 00:10,-4.9999,0.02261,Up,Down,0,-4.9999
2021-04-06 00:15,-0.0001,0.0226,Up,Down,0,-0.0001
2021-04-06 00:20,5.0,0.02248,Up,Up,1,5.0
2021-04-06 00:25,-0.0001,0.0227,Up,Down,0,-0.0001
2021-04-06 00:30,-0.0001,0.02255,Up,Down,0,-0.0001
2021-04-06 00:35,-0.0001,0.02248,Up,Down,0,-0.0001
2021-04-06 00:40,0.00011,0.02246,Up,Up,1,0.00011
2021-04-06 00:45,-5.9999,0.02247,Up,Down,0,-5.9999
2021-04-06 00:50,1.99999,0.02245,Up,Up,1,1.99999
2021-04-06 00:55,0.00022,0.0225,Up,Up,1,0.00022
2021-04-06 01:00,-0.0001,0.02257,Up,Down,0,-0.0001
2021-04-06 01:05,-0.0001,0.02259,Up,Down,0,-0.0001
2021-04-06 01:10,1.0,0.02251,Up,Up,1,1.0
2021-04-06 01:15,8.99999,0.02252,Up,Up,1,8.99999
2021-04-06 01:20,-0.0001,0.02271,Up,Down,0,-0.0001
2021-04-06 01:25,-0.0001,0.02259,Up,Down,0,-0.0001
2021-04-06 01:30,-0.0001,0.02256,Up,Down,0,-0.0001
2021-04-06 01:35,0.00014,0.02257,Up,Up,1,0.00014
2021-04-06 01:40,4.0,0.02244,Up,Up,1,4.0
2021-04-06 01:45,1.0,0.02238,Up,Up,1,1.0
2021-04-06 01:50,-0.0001,0.02243,Up,Down,0,-0.0001
2021-04-06 01:55,-5.9999,0.02266,Up,Down,0,-5.9999
2021-04-06 02:00,4.0,0.0225,Up,Up,1,4.0
2021-04-06 02:05,8.0,0.0225,Up,Up,1,8.0
2021-04-06 02:10,-4.0,0.02236,Up,Down,0,-4.0
2021-04-06 02:15,-0.0005,0.02239,Up,Down,0,-0.0005
2021-04-06 02:20,-0.0002,0.02286,Up,Down,0,-0.0002
2021-04-06 02:25,0.00013,0.02267,Up,Up,1,0.00013
2021-04-06 02:30,6.0,0.02273,Up,Up,1,6.0
2021-04-06 02:35,7.99999,0.02274,Up,Up,1,7.99999
2021-04-06 02:40,0.00012,0.02346,Up,Up,1,0.00012
2021-04-06 02:45,-0.0001,0.02382,Up,Down,0,-0.0001
2021-04-06 02:50,0.00014,0.02305,Up,Up,1,0.00014
2021-04-06 02:55,-0.0002,0.02306,Up,Down,0,-0.0002
2021-04-06 03:00,3.99999,0.02272,Up,Up,1,3.99999
2021-04-06 03:05,-4.9999,0.02312,Up,Down,0,-4.9999
2021-04-06 03:10,-8.0,0.02332,Up,Down,0,-8.0
2021-04-06 03:15,-2.9999,0.02247,Up,Down,0,-2.9999
2021-04-06 03:20,-0.0002,0.02245,Up,Down,0,-0.0002
2021-04-06 03:25,-9.9999,0.02267,Up,Down,0,-9.9999
2021-04-06 03:30,1.99999,0.02255,Up,Up,1,1.99999
2021-04-06 03:35,-0.0001,0.02256,Up,Down,0,-0.0001
2021-04-06 03:40,6.0,0.02246,Up,Up,1,6.0
2021-04-06 03:45,0.00012,0.02264,Up,Up,1,0.00012
2021-04-06 03:50,-4.0,0.02243,Up,Down,0,-4.0
2021-04-06 03:55,0.0,0.0225,Up,Down,0,0.0
2021-04-06 04:00,0.00014,0.02239,Up,Up,1,0.00014
2021-04-06 04:05,7.0,0.02236,Up,Up,1,7.0
2021-04-06 04:10,8.0,0.02252,Up,Up,1,8.0
2021-04-06 04:15,-4.0,0.02238,Up,Down,0,-4.0
2021-04-06 04:20,0.00012,0.02275,Up,Up,1,0.00012
2021-04-06 04:25,0.00011,0.02255,Up,Up,1,0.00011
2021-04-06 04:30,0.00015,0.02256,Up,Up,1,0.00015
2021-04-06 04:35,-4.0,0.02268,Up,Down,0,-4.0
2021-04-06 04:40,-0.0001,0.02235,Up,Down,0,-0.0001
2021-04-06 04:45,-9.0,0.02257,Up,Down,0,-9.0
2021-04-06 04:50,-5.9999,0.02255,Up,Down,0,-5.9999
2021-04-06 04:55,0.00024,0.02261,Up,Up,1,0.00024
2021-04-06 05:00,0.00019,0.02264,Up,Up,1,0.00019
2021-04-06 05:05,-0.0001,0.0226,Up,Down,0,-0.0001
2021-04-06 05:10,-5.9999,0.02268,Up,Down,0,-5.9999
2021-04-06 05:15,8.99999,0.02295,Up,Up,1,8.99999
2021-04-06 05:20,0.0,0.02248,Up,Down,0,0.0
2021-04-06 05:25,9.99999,0.0225,Up,Up,1,9.99999
2021-04-06 05:30,-0.0001,0.02269,Up,Down,0,-0.0001
2021-04-06 05:35,0.00015,0.02245,Up,Up,1,0.00015
2021-04-06 05:40,0.00014,0.02254,Up,Up,1,0.00014
2021-04-06 05:45,-0.0001,0.02291,Up,Down,0,-0.0001
2021-04-06 05:50,8.99999,0.02266,Up,Up,1,8.99999
2021-04-06 05:55,9.99999,0.02294,Up,Up,1,9.99999
2021-04-06 06:00,2.99999,0.02371,Up,Up,1,2.99999
2021-04-06 06:05,0.00035,0.02287,Up,Up,1,0.00035
2021-04-06 06:10,-0.0002,0.02338,Up,Down,0,-0.0002
2021-04-06 06:15,-1.9999,0.02307,Up,Down,0,-1.9999
2021-04-06 06:20,0.0,0.02297,Up,Down,0,0.0
2021-04-06 06:25,-9.9999,0.02273,Up,Down,0,-9.9999
2021-04-06 06:30,-0.0003,0.02279,Up,Down,0,-0.0003
2021-04-06 06:35,-0.0001,0.02283,Up,Down,0,-0.0001
2021-04-06 06:40,0.00012,0.02293,Up,Up,1,0.00012
2021-04-06 06:45,-0.0003,0.02304,Up,Down,0,-0.0003
2021-04-06 06:50,9.99999,0.02296,Up,Up,1,9.99999
2021-04-06 06:55,-0.0001,0.02322,Up,Down,0,-0.0001
2021-04-06 07:00,-5.9999,0.02321,Up,Down,0,-5.9999
2021-04-06 07:05,-0.0003,0.02365,Up,Down,0,-0.0003
2021-04-06 07:10,0.00012,0.02331,Up,Up,1,0.00012
2021-04-06 07:15,0.00047,0.02307,Up,Up,1,0.00047
2021-04-06 07:20,0.00032,0.02289,Up,Up,1,0.00032
2021-04-06 07:25,1.0,0.02299,Up,Up,1,1.0
2021-04-06 07:30,0.00031,0.02354,Up,Up,1,0.00031
2021-04-06 07:35,0.0,0.02286,Up,Down,0,0.0
2021-04-06 07:40,0.0006,0.02362,Up,Up,1,0.0006
2021-04-06 07:45,-7.9999,0.02315,Up,Down,0,-7.9999
2021-04-06 07:50,0.00029,0.02378,Up,Up,1,0.00029
2021-04-06 07:55,-0.0001,0.0231,Up,Down,0,-0.0001
2021-04-06 08:00,-0.0002,0.02346,Up,Down,0,-0.0002
2021-04-06 08:05,-0.0001,0.02294,Up,Down,0,-0.0001
2021-04-06 08:10,-0.0005,0.02331,Up,Down,0,-0.0005
2021-04-06 08:15,-0.0001,0.0233,Up,Down,0,-0.0001
2021-04-06 08:20,-0.0003,0.02351,Up,Down,0,-0.0003
2021-04-06 08:25,-9.0,0.02325,Up,Down,0,-9.0
2021-04-06 08:30,-0.0006,0.02324,Up,Down,0,-0.0006
2021-04-06 08:35,0.00019,0.02424,Up,Up,1,0.00019
2021-04-06 08:40,0.00074,0.02354,Up,Up,1,0.00074
2021-04-06 08:45,0.00091,0.02355,Up,Up,1,0.00091
2021-04-06 08:50,-0.0002,0.02361,Up,Down,0,-0.0002
2021-04-06 08:55,-4.9999,0.02357,Up,Down,0,-4.9999
2021-04-06 09:00,0.00038,0.02398,Up,Up,1,0.00038
2021-04-06 09:05,0.00014,0.02336,Up,Up,1,0.00014
2021-04-06 09:10,2.99999,0.02389,Up,Up,1,2.99999
2021-04-06 09:15,-0.0003,0.02301,Up,Down,0,-0.0003
2021-04-06 09:20,-0.0003,0.02345,Up,Down,0,-0.0003
2021-04-06 09:25,0.00011,0.02367,Up,Up,1,0.00011
2021-04-06 09:30,-0.0004,0.02314,Up,Down,0,-0.0004
2021-04-06 09:35,-5.9999,0.02308,Up,Down,0,-5.9999
2021-04-06 09:40,0.00053,0.02272,Up,Up,1,0.00053
2021-04-06 09:45,-0.0001,0.023,Up,Down,0,-0.0001
2021-04-06 09:50,0.00011,0.02336,Up,Up,1,0.00011
2021-04-06 09:55,2.99999,0.02311,Up,Up,1,2.99999
2021-04-06 10:00,0.00051,0.02291,Up,Up,1,0.00051
2021-04-06 10:05,-0.0005,0.023,Up,Down,0,-0.0005
2021-04-06 10:10,-4.0,0.02358,Up,Down,0,-4.0
2021-04-06 10:15,-0.0002,0.02286,Up,Down,0,-0.0002
2021-04-06 10:20,-0.0001,0.02272,Up,Down,0,-0.0001
2021-04-06 10:25,-0.0004,0.02286,Up,Down,0,-0.0004
2021-04-06 10:30,0.00028,0.02319,Up,Up,1,0.00028
2021-04-06 10:35,0.00026,0.02289,Up,Up,1,0.00026
2021-04-06 10:40,-7.0,0.0228,Up,Down,0,-7.0
2021-04-06 10:45,-4.9999,0.02294,Up,Down,0,-4.9999
2021-04-06 10:50,2.99999,0.02304,Up,Up,1,2.99999
2021-04-06 10:55,-0.0002,0.0229,Up,Down,0,-0.0002
2021-04-06 11:00,7.0,0.02345,Up,Up,1,7.0
2021-04-06 11:05,4.0,0.02337,Up,Up,1,4.0
2021-04-06 11:10,-0.0001,0.02272,Up,Down,0,-0.0001
2021-04-06 11:15,0.0,0.02287,Up,Down,0,0.0
2021-04-06 11:20,0.00024,0.02263,Up,Up,1,0.00024
2021-04-06 11:25,-0.0001,0.02289,Up,Down,0,-0.0001
2021-04-06 11:30,-9.0,0.02309,Up,Down,0,-9.0
2021-04-06 11:35,7.0,0.02266,Up,Up,1,7.0
2021-04-06 11:40,-2.9999,0.02268,Up,Down,0,-2.9999
2021-04-06 11:45,0.00018,0.02267,Up,Up,1,0.00018
2021-04-06 11:50,-0.0002,0.02306,Up,Down,0,-0.0002
2021-04-06 11:55,0.00024,0.02351,Up,Up,1,0.00024
2021-04-06 12:00,0.00062,0.02341,Up,Up,1,0.00062
2021-04-06 12:05,-0.0002,0.02295,Up,Down,0,-0.0002
2021-04-06 12:10,0.00012,0.02324,Up,Up,1,0.00012
2021-04-06 12:15,8.99999,0.02278,Up,Up,1,8.99999
2021-04-06 12:20,0.00042,0.02301,Up,Up,1,0.00042
2021-04-06 12:25,-9.9999,0.02345,Up,Down,0,-9.9999
2021-04-06 12:30,0.00104,0.02311,Up,Up,1,0.00104
2021-04-06 12:35,7.99999,0.02424,Up,Up,1,7.99999
2021-04-06 12:40,0.00035,0.0238,Up,Up,1,0.00035
2021-04-06 12:45,-0.0003,0.02376,Up,Down,0,-0.0003
2021-04-06 12:50,5.0,0.02366,Up,Up,1,5.0
2021-04-06 12:55,-8.0,0.02325,Up,Down,0,-8.0
2021-04-06 13:00,-7.0,0.02411,Up,Down,0,-7.0
2021-04-06 13:05,0.00026,0.02391,Up,Up,1,0.00026
2021-04-06 13:10,-0.0001,0.02348,Up,Down,0,-0.0001
2021-04-06 13:15,0.00023,0.02352,Up,Up,1,0.00023
2021-04-06 13:20,0.00028,0.02321,Up,Up,1,0.00028
2021-04-06 13:25,0.0006,0.02306,Up,Up,1,0.0006
2021-04-06 13:30,-0.0001,0.02374,Up,Down,0,-0.0001
2021-04-06 13:35,-1.0,0.02357,Up,Down,0,-1.0
2021-04-06 13:40,-0.0001,0.02343,Up,Down,0,-0.0001
2021-04-06 13:45,7.99999,0.02329,Up,Up,1,7.99999
2021-04-06 13:50,0.00023,0.02334,Up,Up,1,0.00023
2021-04-06 13:55,-9.9999,0.02316,Up,Down,0,-9.9999
2021-04-06 14:00,0.00045,0.02397,Up,Up,1,0.00045
2021-04-06 14:05,-0.0001,0.02346,Up,Down,0,-0.0001
2021-04-06 14:10,0.00011,0.02313,Up,Up,1,0.00011
2021-04-06 14:15,0.00022,0.02325,Up,Up,1,0.00022
2021-04-06 14:20,-0.0003,0.02305,Up,Down,0,-0.0003
2021-04-06 14:25,-2.9999,0.02317,Up,Down,0,-2.9999
2021-04-06 14:30,-0.0002,0.02334,Up,Down,0,-0.0002
2021-04-06 14:35,7.99999,0.02385,Up,Up,1,7.99999
2021-04-06 14:40,0.00039,0.02325,Up,Up,1,0.00039
2021-04-06 14:45,-0.0001,0.02315,Up,Down,0,-0.0001
2021-04-06 14:50,-0.0004,0.02284,Up,Down,0,-0.0004
2021-04-06 14:55,2.99999,0.02375,Up,Up,1,2.99999
2021-04-06 15:00,0.00035,0.02316,Up,Up,1,0.00035
2021-04-06 15:05,0.00024,0.02288,Up,Up,1,0.00024
2021-04-06 15:10,-9.9999,0.02277,Up,Down,0,-9.9999
2021-04-06 15:15,5.99999,0.02298,Up,Up,1,5.99999
2021-04-06 15:20,4.0,0.0226,Up,Up,1,4.0
2021-04-06 15:25,9.99999,0.02266,Up,Up,1,9.99999
2021-04-06 15:30,0.00011,0.02263,Up,Up,1,0.00011
2021-04-06 15:35,0.00045,0.0226,Up,Up,1,0.00045
2021-04-06 15:40,-0.0001,0.02259,Up,Down,0,-0.0001
2021-04-06 15:45,0.00046,0.02274,Up,Up,1,0.00046
2021-04-06 15:50,-0.0002,0.02277,Up,Down,0,-0.0002
2021-04-06 15:55,-0.0003,0.0227,Up,Down,0,-0.0003
2021-04-06 16:00,0.00029,0.02289,Up,Up,1,0.00029
2021-04-06 16:05,8.0,0.02274,Up,Up,1,8.0
2021-04-06 16:10,0.0,0.0227,Up,Down,0,0.0
2021-04-06 16:15,-2.9999,0.02289,Up,Down,0,-2.9999
2021-04-06 16:20,-0.0002,0.02261,Up,Down,0,-0.0002
2021-04-06 16:25,9.0,0.02257,Up,Up,1,9.0
2021-04-06 16:30,7.99999,0.02265,Up,Up,1,7.99999
2021-04-06 16:35,3.0,0.02261,Up,Up,1,3.0
2021-04-06 16:40,0.00028,0.02236,Up,Up,1,0.00028
2021-04-06 16:45,4.99999,0.02235,Up,Up,1,4.99999
2021-04-06 16:50,0.0001,0.02242,Up,Up,1,0.0001
2021-04-06 16:55,0.00011,0.02237,Up,Up,1,0.00011
2021-04-06 17:00,0.00011,0.02303,Up,Up,1,0.00011
2021-04-06 17:05,-8.9999,0.02239,Up,Down,0,-8.9999
2021-04-06 17:10,0.00028,0.0226,Up,Up,1,0.00028
2021-04-06 17:15,-0.0003,0.0227,Up,Down,0,-0.0003
2021-04-06 17:20,-0.0002,0.02294,Up,Down,0,-0.0002
2021-04-06 17:25,-7.9999,0.02295,Up,Down,0,-7.9999
2021-04-06 17:30,4.99999,0.02259,Up,Up,1,4.99999
2021-04-06 17:35,-1.9999,0.02256,Up,Down,0,-1.9999
2021-04-06 17:40,0.00014,0.02256,Up,Up,1,0.00014
2021-04-06 17:45,0.00012,0.02232,Up,Up,1,0.00012
2021-04-06 17:50,-7.0,0.02226,Up,Down,0,-7.0
2021-04-06 17:55,0.00021,0.02239,Up,Up,1,0.00021
2021-04-06 18:00,0.00012,0.02266,Up,Up,1,0.00012
2021-04-06 18:05,0.00059,0.02255,Up,Up,1,0.00059
2021-04-06 18:10,0.0,0.0227,Up,Down,0,0.0
2021-04-06 18:15,0.00024,0.02242,Up,Up,1,0.00024
2021-04-06 18:20,-0.0001,0.02237,Up,Down,0,-0.0001
2021-04-06 18:25,0.00033,0.02282,Up,Up,1,0.00033
2021-04-06 18:30,3.99999,0.02243,Up,Up,1,3.99999
2021-04-06 18:35,3.0,0.02251,Up,Up,1,3.0
2021-04-06 18:40,0.00038,0.02258,Up,Up,1,0.00038
2021-04-06 18:45,-0.0001,0.02262,Up,Down,0,-0.0001
2021-04-06 18:50,-4.0,0.02267,Up,Down,0,-4.0
2021-04-06 18:55,-0.0001,0.02257,Up,Down,0,-0.0001
2021-04-06 19:00,7.0,0.02303,Up,Up,1,7.0
2021-04-06 19:05,5.0,0.02247,Up,Up,1,5.0
2021-04-06 19:10,0.0,0.02231,Up,Down,0,0.0
2021-04-06 19:15,0.00014,0.0223,Up,Up,1,0.00014
2021-04-06 19:20,0.0,0.02224,Up,Down,0,0.0
2021-04-06 19:25,-0.0001,0.0222,Up,Down,0,-0.0001
2021-04-06 19:30,-0.0002,0.02237,Up,Down,0,-0.0002
2021-04-06 19:35,9.0,0.02241,Up,Up,1,9.0
2021-04-06 19:40,-0.0001,0.02231,Up,Down,0,-0.0001
2021-04-06 19:45,0.0,0.0223,Up,Down,0,0.0
2021-04-06 19:50,0.00059,0.02229,Up,Up,1,0.00059
2021-04-06 19:55,4.0,0.0225,Up,Up,1,4.0
2021-04-06 20:00,7.99999,0.02246,Up,Up,1,7.99999
2021-04-06 20:05,-4.9999,0.02215,Up,Down,0,-4.9999
2021-04-06 20:10,8.99999,0.02228,Up,Up,1,8.99999
2021-04-06 20:15,0.00014,0.02222,Up,Up,1,0.00014
2021-04-06 20:20,4.0,0.02214,Up,Up,1,4.0
2021-04-06 20:25,-4.0,0.02211,Up,Down,0,-4.0
2021-04-06 20:30,0.0,0.02219,Up,Down,0,0.0
2021-04-06 20:35,-8.9999,0.02212,Up,Down,0,-8.9999
2021-04-06 20:40,-9.9999,0.02223,Up,Down,0,-9.9999
2021-04-06 20:45,-7.0,0.02225,Up,Down,0,-7.0
2021-04-06 20:50,-1.0,0.02259,Up,Down,0,-1.0
2021-04-06 20:55,9.99999,0.02269,Up,Up,1,9.99999
2021-04-06 21:00,-8.9999,0.01649,Up,Down,0,-8.9999
2021-04-06 21:05,-7.0,0.01651,Up,Down,0,-7.0
2021-04-06 21:10,4.99999,0.01551,Up,Up,1,4.99999
2021-04-06 21:15,1.0,0.01549,Up,Up,1,1.0
2021-04-06 21:20,-5.9999,0.01549,Up,Down,0,-5.9999
2021-04-06 21:25,-6.0,0.01885,Up,Down,0,-6.0
2021-04-06 21:30,0.0,0.01786,Up,Down,0,0.0
2021-04-06 21:35,-4.9999,0.02218,Up,Down,0,-4.9999
2021-04-06 21:40,-4.0,0.02217,Up,Down,0,-4.0
2021-04-06 21:45,-7.9999,0.02219,Up,Down,0,-7.9999
2021-04-06 21:50,9.99999,0.01668,Up,Up,1,9.99999
2021-04-06 21:55,0.00019,0.01552,Up,Up,1,0.00019
2021-04-06 22:00,-9.9999,0.0224,Up,Down,0,-9.9999
2021-04-06 22:05,-4.0,0.0223,Up,Down,0,-4.0
2021-04-06 22:10,5.99999,0.02221,Up,Up,1,5.99999
2021-04-06 22:15,2.99999,0.02211,Up,Up,1,2.99999
2021-04-06 22:20,1.0,0.02079,Up,Up,1,1.0
2021-04-06 22:25,-5.9999,0.02118,Up,Down,0,-5.9999
2021-04-06 22:30,-6.0,0.02198,Up,Down,0,-6.0
2021-04-06 22:35,0.0,0.01845,Up,Down,0,0.0
2021-04-06 22:40,-9.9999,0.02021,Up,Down,0,-9.9999
2021-04-06 22:45,9.99999,0.01668,Up,Up,1,9.99999
2021-04-06 22:50,-0.0001,0.0155,Up,Down,0,-0.0001
2021-04-06 22:55,9.99999,0.01885,Up,Up,1,9.99999
2021-04-06 23:00,1.0,0.0222,Up,Up,1,1.0
2021-04-06 23:05,-9.0,0.02212,Up,Down,0,-9.0
2021-04-06 23:10,-9.9999,0.02213,Up,Down,0,-9.9999
2021-04-06 23:15,-5.0,0.0221,Up,Down,0,-5.0
2021-04-06 23:20,0.00012,0.01747,Up,Up,1,0.00012
2021-04-06 23:25,-1.0,0.02208,Up,Down,0,-1.0
2021-04-06 23:30,0.00018,0.0204,Up,Up,1,0.00018
2021-04-06 23:35,-8.9999,0.0221,Up,Down,0,-8.9999
2021-04-06 23:40,0.0,0.0221,Up,Down,0,0.0
2021-04-06 23:45,4.0,0.02215,Up,Up,1,4.0
2021-04-06 23:50,2.99999,0.0221,Up,Up,1,2.99999
2021-04-06 23:55,-0.0002,0.0198,Up,Down,0,-0.0002
2021-04-07 00:00,-0.0001,0.02254,Up,Down,0,-0.0001
2021-04-07 00:05,5.0,0.0223,Up,Up,1,5.0
2021-04-07 00:10,4.0,0.02231,Up,Up,1,4.0
2021-04-07 00:15,1.99999,0.02232,Up,Up,1,1.99999
2021-04-07 00:20,-9.9999,0.02234,Up,Down,0,-9.9999
2021-04-07 00:25,-0.0002,0.02227,Up,Down,0,-0.0002
2021-04-07 00:30,8.99999,0.02236,Up,Up,1,8.99999
2021-04-07 00:35,0.00015,0.02232,Up,Up,1,0.00015
2021-04-07 00:40,4.0,0.02225,Up,Up,1,4.0
2021-04-07 00:45,-0.0001,0.02232,Up,Down,0,-0.0001
2021-04-07 00:50,0.00021,0.0224,Up,Up,1,0.00021
2021-04-07 00:55,-9.9999,0.02237,Up,Down,0,-9.9999
2021-04-07 01:00,0.00039,0.02229,Up,Up,1,0.00039
2021-04-07 01:05,0.00011,0.0227,Up,Up,1,0.00011
2021-04-07 01:10,-8.9999,0.02266,Up,Down,0,-8.9999
2021-04-07 01:15,4.0,0.02255,Up,Up,1,4.0
2021-04-07 01:20,-0.0001,0.02238,Up,Down,0,-0.0001
2021-04-07 01:25,-0.0001,0.0224,Up,Down,0,-0.0001
2021-04-07 01:30,0.00026,0.02241,Up,Up,1,0.00026
2021-04-07 01:35,-0.0002,0.02226,Up,Down,0,-0.0002
2021-04-07 01:40,0.0,0.02252,Up,Down,0,0.0
2021-04-07 01:45,1.99999,0.02287,Up,Up,1,1.99999
2021-04-07 01:50,-0.0002,0.02246,Up,Down,0,-0.0002
2021-04-07 01:55,8.0,0.02238,Up,Up,1,8.0
2021-04-07 02:00,-8.0,0.02229,Up,Down,0,-8.0
2021-04-07 02:05,-0.0003,0.02241,Up,Down,0,-0.0003
2021-04-07 02:10,0.00017,0.02271,Up,Up,1,0.00017
2021-04-07 02:15,-0.0001,0.02262,Up,Down,0,-0.0001
2021-04-07 02:20,-6.0,0.0224,Up,Down,0,-6.0
2021-04-07 02:25,0.00017,0.02249,Up,Up,1,0.00017
2021-04-07 02:30,8.0,0.02253,Up,Up,1,8.0
2021-04-07 02:35,4.0,0.02224,Up,Up,1,4.0
2021-04-07 02:40,-0.0001,0.02239,Up,Down,0,-0.0001
2021-04-07 02:45,-9.9999,0.02251,Up,Down,0,-9.9999
2021-04-07 02:50,-0.0002,0.02258,Up,Down,0,-0.0002
2021-04-07 02:55,0.00011,0.02286,Up,Up,1,0.00011
2021-04-07 03:00,-4.9999,0.02233,Up,Down,0,-4.9999
2021-04-07 03:05,-5.0,0.02247,Up,Down,0,-5.0
2021-04-07 03:10,0.00011,0.02241,Up,Up,1,0.00011
2021-04-07 03:15,-8.0,0.02248,Up,Down,0,-8.0
2021-04-07 03:20,7.0,0.02248,Up,Up,1,7.0
2021-04-07 03:25,6.0,0.02223,Up,Up,1,6.0
2021-04-07 03:30,-1.0,0.02222,Up,Down,0,-1.0
2021-04-07 03:35,-1.0,0.02214,Up,Down,0,-1.0
2021-04-07 03:40,-4.0,0.02222,Up,Down,0,-4.0
2021-04-07 03:45,-0.0002,0.02226,Up,Down,0,-0.0002
2021-04-07 03:50,6.99999,0.02236,Up,Up,1,6.99999
2021-04-07 03:55,0.00012,0.02225,Up,Up,1,0.00012
2021-04-07 04:00,7.0,0.02224,Up,Up,1,7.0
2021-04-07 04:05,4.0,0.02223,Up,Up,1,4.0
2021-04-07 04:10,9.99999,0.02227,Up,Up,1,9.99999
2021-04-07 04:15,7.0,0.02225,Up,Up,1,7.0
2021-04-07 04:20,-4.9999,0.02021,Up,Down,0,-4.9999
2021-04-07 04:25,7.99999,0.02221,Up,Up,1,7.99999
2021-04-07 04:30,-1.9999,0.02233,Up,Down,0,-1.9999
2021-04-07 04:35,0.00012,0.02217,Up,Up,1,0.00012
2021-04-07 04:40,4.99999,0.02218,Up,Up,1,4.99999
2021-04-07 04:45,-8.0,0.02218,Up,Down,0,-8.0
2021-04-07 04:50,-1.9999,0.02218,Up,Down,0,-1.9999
2021-04-07 04:55,1.0,0.02221,Up,Up,1,1.0
2021-04-07 05:00,9.99999,0.02245,Up,Up,1,9.99999
2021-04-07 05:05,0.0,0.02224,Up,Down,0,0.0
2021-04-07 05:10,-0.0002,0.02217,Up,Down,0,-0.0002
2021-04-07 05:15,5.99999,0.02238,Up,Up,1,5.99999
2021-04-07 05:20,9.0,0.02224,Up,Up,1,9.0
2021-04-07 05:25,6.99999,0.02218,Up,Up,1,6.99999
2021-04-07 05:30,-9.9999,0.02226,Up,Down,0,-9.9999
2021-04-07 05:35,9.99999,0.02232,Up,Up,1,9.99999
2021-04-07 05:40,-2.0,0.0222,Up,Down,0,-2.0
2021-04-07 05:45,0.00011,0.02244,Up,Up,1,0.00011
2021-04-07 05:50,4.0,0.02233,Up,Up,1,4.0
2021-04-07 05:55,0.00029,0.02242,Up,Up,1,0.00029
2021-04-07 06:00,-0.001,0.02255,Up,Down,0,-0.001
2021-04-07 06:05,0.00036,0.02349,Up,Up,1,0.00036
2021-04-07 06:10,-8.0,0.02337,Up,Down,0,-8.0
2021-04-07 06:15,0.00015,0.023,Up,Up,1,0.00015
2021-04-07 06:20,0.00042,0.02294,Up,Up,1,0.00042
2021-04-07 06:25,0.00051,0.02275,Up,Up,1,0.00051
2021-04-07 06:30,-0.0001,0.02354,Up,Down,0,-0.0001
2021-04-07 06:35,-0.0003,0.02307,Up,Down,0,-0.0003
2021-04-07 06:40,7.0,0.02321,Up,Up,1,7.0
2021-04-07 06:45,-0.0007,0.02293,Up,Down,0,-0.0007
2021-04-07 06:50,0.00015,0.02341,Up,Up,1,0.00015
2021-04-07 06:55,0.00085,0.02362,Up,Up,1,0.00085
2021-04-07 07:00,-5.9999,0.02393,Up,Down,0,-5.9999
2021-04-07 07:05,-0.0005,0.02305,Up,Down,0,-0.0005
2021-04-07 07:10,9.99999,0.02318,Up,Up,1,9.99999
2021-04-07 07:15,-0.0001,0.02293,Up,Down,0,-0.0001
2021-04-07 07:20,-2.9999,0.02285,Up,Down,0,-2.9999
2021-04-07 07:25,-0.0001,0.02302,Up,Down,0,-0.0001
2021-04-07 07:30,-0.0003,0.02305,Up,Down,0,-0.0003
2021-04-07 07:35,0.00056,0.02295,Up,Up,1,0.00056
2021-04-07 07:40,0.00025,0.02284,Up,Up,1,0.00025
2021-04-07 07:45,1.99999,0.02293,Up,Up,1,1.99999
2021-04-07 07:50,0.00036,0.02287,Up,Up,1,0.00036
2021-04-07 07:55,-5.9999,0.02307,Up,Down,0,-5.9999
2021-04-07 08:00,-5.9999,0.02341,Up,Down,0,-5.9999
2021-04-07 08:05,-0.0004,0.02293,Up,Down,0,-0.0004
2021-04-07 08:10,-0.0006,0.02307,Up,Down,0,-0.0006
2021-04-07 08:15,-1.9999,0.02332,Up,Down,0,-1.9999
2021-04-07 08:20,1.99999,0.02367,Up,Up,1,1.99999
2021-04-07 08:25,0.00035,0.02266,Up,Up,1,0.00035
2021-04-07 08:30,0.00035,0.0233,Up,Up,1,0.00035
2021-04-07 08:35,0.00014,0.02281,Up,Up,1,0.00014
2021-04-07 08:40,0.00047,0.02273,Up,Up,1,0.00047
2021-04-07 08:45,0.00065,0.02269,Up,Up,1,0.00065
2021-04-07 08:50,-5.9999,0.02325,Up,Down,0,-5.9999
2021-04-07 08:55,-0.0001,0.0228,Up,Down,0,-0.0001
2021-04-07 09:00,0.00014,0.0227,Up,Up,1,0.00014
2021-04-07 09:05,-4.0,0.02268,Up,Down,0,-4.0
2021-04-07 09:10,-0.0004,0.02283,Up,Down,0,-0.0004
2021-04-07 09:15,9.0,0.02313,Up,Up,1,9.0
2021-04-07 09:20,-0.0001,0.02247,Up,Down,0,-0.0001
2021-04-07 09:25,-8.9999,0.02256,Up,Down,0,-8.9999
2021-04-07 09:30,0.00018,0.02289,Up,Up,1,0.00018
2021-04-07 09:35,-0.0003,0.02255,Up,Down,0,-0.0003
2021-04-07 09:40,0.00043,0.02285,Up,Up,1,0.00043
2021-04-07 09:45,-8.0,0.02316,Up,Down,0,-8.0
2021-04-07 09:50,0.00021,0.0228,Up,Up,1,0.00021
2021-04-07 09:55,-0.0001,0.02254,Up,Down,0,-0.0001
2021-04-07 10:00,0.00022,0.02271,Up,Up,1,0.00022
2021-04-07 10:05,0.00042,0.02253,Up,Up,1,0.00042
2021-04-07 10:10,-0.0001,0.02267,Up,Down,0,-0.0001
2021-04-07 10:15,8.99999,0.02255,Up,Up,1,8.99999
2021-04-07 10:20,-0.0002,0.0227,Up,Down,0,-0.0002
2021-04-07 10:25,0.00067,0.02274,Up,Up,1,0.00067
2021-04-07 10:30,-0.0002,0.02297,Up,Down,0,-0.0002
2021-04-07 10:35,-0.0001,0.02294,Up,Down,0,-0.0001
2021-04-07 10:40,0.00068,0.02282,Up,Up,1,0.00068
2021-04-07 10:45,-0.0001,0.02273,Up,Down,0,-0.0001
2021-04-07 10:50,-0.0002,0.02291,Up,Down,0,-0.0002
2021-04-07 10:55,-0.0002,0.02373,Up,Down,0,-0.0002
2021-04-07 11:00,0.00021,0.02366,Up,Up,1,0.00021
2021-04-07 11:05,-0.0004,0.0229,Up,Down,0,-0.0004
2021-04-07 11:10,0.00031,0.02354,Up,Up,1,0.00031
2021-04-07 11:15,-0.0002,0.02288,Up,Down,0,-0.0002
2021-04-07 11:20,0.00041,0.02318,Up,Up,1,0.00041
2021-04-07 11:25,-1.9999,0.02266,Up,Down,0,-1.9999
2021-04-07 11:30,0.00034,0.02253,Up,Up,1,0.00034
2021-04-07 11:35,1.99999,0.0225,Up,Up,1,1.99999
2021-04-07 11:40,4.0,0.02252,Up,Up,1,4.0
2021-04-07 11:45,-0.0003,0.02242,Up,Down,0,-0.0003
2021-04-07 11:50,-0.0002,0.02257,Up,Down,0,-0.0002
2021-04-07 11:55,-0.0005,0.02315,Up,Down,0,-0.0005
2021-04-07 12:00,-9.9999,0.0232,Up,Down,0,-9.9999
2021-04-07 12:05,5.99999,0.02277,Up,Up,1,5.99999
2021-04-07 12:10,-0.0002,0.02311,Up,Down,0,-0.0002
2021-04-07 12:15,-2.0,0.02362,Up,Down,0,-2.0
2021-04-07 12:20,1.0,0.02308,Up,Up,1,1.0
2021-04-07 12:25,0.0,0.02297,Up,Down,0,0.0
2021-04-07 12:30,-4.0,0.0229,Up,Down,0,-4.0
2021-04-07 12:35,7.0,0.02322,Up,Up,1,7.0
2021-04-07 12:40,-0.0002,0.023,Up,Down,0,-0.0002
2021-04-07 12:45,0.00029,0.02294,Up,Up,1,0.00029
2021-04-07 12:50,0.00023,0.02304,Up,Up,1,0.00023
2021-04-07 12:55,0.00011,0.02307,Up,Up,1,0.00011
2021-04-07 13:00,-0.0001,0.02311,Up,Down,0,-0.0001
2021-04-07 13:05,0.00014,0.02272,Up,Up,1,0.00014
2021-04-07 13:10,-0.0001,0.02264,Up,Down,0,-0.0001
2021-04-07 13:15,0.00014,0.02278,Up,Up,1,0.00014
2021-04-07 13:20,0.00093,0.02242,Up,Up,1,0.00093
2021-04-07 13:25,-0.0004,0.02324,Up,Down,0,-0.0004
2021-04-07 13:30,-0.0006,0.02341,Up,Down,0,-0.0006
2021-04-07 13:35,0.00038,0.02337,Up,Up,1,0.00038
2021-04-07 13:40,0.0006,0.02305,Up,Up,1,0.0006
2021-04-07 13:45,0.00012,0.02278,Up,Up,1,0.00012
2021-04-07 13:50,-0.0003,0.02323,Up,Down,0,-0.0003
2021-04-07 13:55,0.00046,0.02312,Up,Up,1,0.00046
2021-04-07 14:00,-0.0001,0.02355,Up,Down,0,-0.0001
2021-04-07 14:05,0.00051,0.02288,Up,Up,1,0.00051
2021-04-07 14:10,-1.0,0.02361,Up,Down,0,-1.0
2021-04-07 14:15,0.00036,0.02311,Up,Up,1,0.00036
2021-04-07 14:20,0.00042,0.02289,Up,Up,1,0.00042
2021-04-07 14:25,-0.0004,0.02356,Up,Down,0,-0.0004
2021-04-07 14:30,0.00045,0.02308,Up,Up,1,0.00045
2021-04-07 14:35,0.00056,0.02294,Up,Up,1,0.00056
2021-04-07 14:40,-0.0005,0.02299,Up,Down,0,-0.0005
2021-04-07 14:45,-0.0001,0.02361,Up,Down,0,-0.0001
2021-04-07 14:50,-0.0006,0.02327,Up,Down,0,-0.0006
2021-04-07 14:55,-0.0005,0.02428,Up,Down,0,-0.0005
2021-04-07 15:00,4.0,0.02362,Up,Up,1,4.0
2021-04-07 15:05,0.00062,0.02322,Up,Up,1,0.00062
2021-04-07 15:10,-0.0002,0.02288,Up,Down,0,-0.0002
2021-04-07 15:15,-0.0006,0.02267,Up,Down,0,-0.0006
2021-04-07 15:20,-5.0,0.02288,Up,Down,0,-5.0
2021-04-07 15:25,-4.0,0.02287,Up,Down,0,-4.0
2021-04-07 15:30,-7.0,0.02361,Up,Down,0,-7.0
2021-04-07 15:35,-0.0003,0.02281,Up,Down,0,-0.0003
2021-04-07 15:40,5.99999,0.02352,Up,Up,1,5.99999
2021-04-07 15:45,2.0,0.02304,Up,Up,1,2.0
2021-04-07 15:50,9.99999,0.02293,Up,Up,1,9.99999
2021-04-07 15:55,-0.0002,0.02293,Up,Down,0,-0.0002
2021-04-07 16:00,0.00035,0.02321,Up,Up,1,0.00035
2021-04-07 16:05,-0.0001,0.02252,Up,Down,0,-0.0001
2021-04-07 16:10,-0.0002,0.02233,Up,Down,0,-0.0002
2021-04-07 16:15,-8.0,0.02263,Up,Down,0,-8.0
2021-04-07 16:20,-0.0001,0.02321,Up,Down,0,-0.0001
2021-04-07 16:25,5.0,0.02233,Up,Up,1,5.0
2021-04-07 16:30,0.00011,0.02257,Up,Up,1,0.00011
2021-04-07 16:35,-8.0,0.0223,Up,Down,0,-8.0
2021-04-07 16:40,4.0,0.0225,Up,Up,1,4.0
2021-04-07 16:45,-0.0002,0.0227,Up,Down,0,-0.0002
2021-04-07 16:50,-9.9999,0.02255,Up,Down,0,-9.9999
2021-04-07 16:55,8.99999,0.02234,Up,Up,1,8.99999
2021-04-07 17:00,-0.0001,0.02242,Up,Down,0,-0.0001
2021-04-07 17:05,0.00026,0.02225,Up,Up,1,0.00026
2021-04-07 17:10,8.99999,0.02229,Up,Up,1,8.99999
2021-04-07 17:15,-4.0,0.02234,Up,Down,0,-4.0
2021-04-07 17:20,-8.0,0.0223,Up,Down,0,-8.0
2021-04-07 17:25,4.0,0.02234,Up,Up,1,4.0
2021-04-07 17:30,-5.9999,0.02224,Up,Down,0,-5.9999
2021-04-07 17:35,-8.0,0.02232,Up,Down,0,-8.0
2021-04-07 17:40,-0.0001,0.02223,Up,Down,0,-0.0001
2021-04-07 17:45,1.99999,0.02253,Up,Up,1,1.99999
2021-04-07 17:50,9.99999,0.02223,Up,Up,1,9.99999
2021-04-07 17:55,-0.0002,0.02231,Up,Down,0,-0.0002
2021-04-07 18:00,0.00038,0.02269,Up,Up,1,0.00038
2021-04-07 18:05,-8.9999,0.02284,Up,Down,0,-8.9999
2021-04-07 18:10,0.00015,0.02259,Up,Up,1,0.00015
2021-04-07 18:15,-0.0003,0.02244,Up,Down,0,-0.0003
2021-04-07 18:20,-0.0006,0.02255,Up,Down,0,-0.0006
2021-04-07 18:25,-0.0001,0.02305,Up,Down,0,-0.0001
2021-04-07 18:30,9.0,0.02272,Up,Up,1,9.0
2021-04-07 18:35,-0.0001,0.02262,Up,Down,0,-0.0001
2021-04-07 18:40,-0.0003,0.02257,Up,Down,0,-0.0003
2021-04-07 18:45,0.00017,0.02258,Up,Up,1,0.00017
2021-04-07 18:50,-0.0004,0.02256,Up,Down,0,-0.0004
2021-04-07 18:55,0.0002,0.0231,Up,Up,1,0.0002
2021-04-07 19:00,-0.0004,0.02242,Up,Down,0,-0.0004
2021-04-07 19:05,0.00017,0.02274,Up,Up,1,0.00017
2021-04-07 19:10,-9.9999,0.02253,Up,Down,0,-9.9999
2021-04-07 19:15,-0.0002,0.02249,Up,Down,0,-0.0002
2021-04-07 19:20,0.00015,0.02255,Up,Up,1,0.00015
2021-04-07 19:25,-5.9999,0.02235,Up,Down,0,-5.9999
2021-04-07 19:30,2.99999,0.02249,Up,Up,1,2.99999
2021-04-07 19:35,2.99999,0.02237,Up,Up,1,2.99999
2021-04-07 19:40,0.00039,0.02244,Up,Up,1,0.00039
2021-04-07 19:45,0.00021,0.02254,Up,Up,1,0.00021
2021-04-07 19:50,0.00032,0.02241,Up,Up,1,0.00032
2021-04-07 19:55,0.00017,0.0228,Up,Up,1,0.00017
2021-04-07 20:00,-0.0001,0.02233,Up,Down,0,-0.0001
2021-04-07 20:05,0.00022,0.02219,Up,Up,1,0.00022
2021-04-07 20:10,-0.0002,0.02211,Up,Down,0,-0.0002
2021-04-07 20:15,-1.0,0.0223,Up,Down,0,-1.0
2021-04-07 20:20,-7.9999,0.02232,Up,Down,0,-7.9999
2021-04-07 20:25,-0.0001,0.02214,Up,Down,0,-0.0001
2021-04-07 20:30,4.0,0.02215,Up,Up,1,4.0
2021-04-07 20:35,-1.0,0.01943,Up,Down,0,-1.0
2021-04-07 20:40,2.0,0.02002,Up,Up,1,2.0
2021-04-07 20:45,9.99999,0.01727,Up,Up,1,9.99999
2021-04-07 20:50,-0.0004,0.02218,Up,Down,0,-0.0004
2021-04-07 20:55,5.0,0.02261,Up,Up,1,5.0
2021-04-07 21:00,0.00018,0.02007,Up,Up,1,0.00018
2021-04-07 21:05,-7.0,0.01552,Up,Down,0,-7.0
2021-04-07 21:10,7.0,0.00206,Up,Up,1,7.0
2021-04-07 21:15,-0.0001,0.00601,Up,Down,0,-0.0001
2021-04-07 21:20,9.99999,-0.0008,Down,Up,0,0.0
2021-04-07 21:25,0.00024,0.00603,Up,Up,1,0.00024
2021-04-07 21:30,-7.0,0.006,Up,Down,0,-7.0
2021-04-07 21:35,-9.9999,0.01552,Up,Down,0,-9.9999
2021-04-07 21:40,7.0,0.01711,Up,Up,1,7.0
2021-04-07 21:45,1.99999,0.02213,Up,Up,1,1.99999
2021-04-07 21:50,0.0,0.01982,Up,Down,0,0.0
2021-04-07 21:55,0.00019,0.02178,Up,Up,1,0.00019
2021-04-07 22:00,-9.0,0.02223,Up,Down,0,-9.0
2021-04-07 22:05,7.0,0.02219,Up,Up,1,7.0
2021-04-07 22:10,8.0,0.02216,Up,Up,1,8.0
2021-04-07 22:15,0.00012,0.02242,Up,Up,1,0.00012
2021-04-07 22:20,-0.0001,0.02222,Up,Down,0,-0.0001
2021-04-07 22:25,3.99999,0.02221,Up,Up,1,3.99999
2021-04-07 22:30,0.0,0.02217,Up,Down,0,0.0
2021-04-07 22:35,0.0,0.01903,Up,Down,0,0.0
2021-04-07 22:40,-1.9999,0.01981,Up,Down,0,-1.9999
2021-04-07 22:45,-0.0001,0.01923,Up,Down,0,-0.0001
2021-04-07 22:50,-9.9999,0.02218,Up,Down,0,-9.9999
2021-04-07 22:55,8.99999,0.02228,Up,Up,1,8.99999
2021-04-07 23:00,-0.0001,0.0222,Up,Down,0,-0.0001
2021-04-07 23:05,-0.0001,0.02228,Up,Down,0,-0.0001
2021-04-07 23:10,2.99999,0.02224,Up,Up,1,2.99999
2021-04-07 23:15,2.99999,0.02223,Up,Up,1,2.99999
2021-04-07 23:20,7.0,0.01826,Up,Up,1,7.0
2021-04-07 23:25,0.00022,0.02221,Up,Up,1,0.00022
2021-04-07 23:30,5.99999,0.02225,Up,Up,1,5.99999
2021-04-07 23:35,1.0,0.02209,Up,Up,1,1.0
2021-04-07 23:40,4.99999,0.02211,Up,Up,1,4.99999
2021-04-07 23:45,6.0,0.0206,Up,Up,1,6.0
2021-04-07 23:50,-8.0,0.02118,Up,Down,0,-8.0
2021-04-07 23:55,7.0,0.02219,Up,Up,1,7.0
2021-04-08 00:00,-4.0,0.02255,Up,Down,0,-4.0
2021-04-08 00:05,8.99999,0.02242,Up,Up,1,8.99999
2021-04-08 00:10,-0.0002,0.02226,Up,Down,0,-0.0002
2021-04-08 00:15,-5.0,0.02222,Up,Down,0,-5.0
2021-04-08 00:20,1.0,0.02241,Up,Up,1,1.0
2021-04-08 00:25,-8.9999,0.02242,Up,Down,0,-8.9999
2021-04-08 00:30,2.99999,0.02229,Up,Up,1,2.99999
2021-04-08 00:35,-0.0001,0.02243,Up,Down,0,-0.0001
2021-04-08 00:40,-7.0,0.02228,Up,Down,0,-7.0
2021-04-08 00:45,-0.0002,0.02266,Up,Down,0,-0.0002
2021-04-08 00:50,4.0,0.0228,Up,Up,1,4.0
2021-04-08 00:55,-9.0,0.02244,Up,Down,0,-9.0
2021-04-08 01:00,0.0,0.02268,Up,Down,0,0.0
2021-04-08 01:05,-9.9999,0.02224,Up,Down,0,-9.9999
2021-04-08 01:10,-0.0003,0.0223,Up,Down,0,-0.0003
2021-04-08 01:15,9.0,0.02255,Up,Up,1,9.0
2021-04-08 01:20,0.00011,0.02257,Up,Up,1,0.00011
2021-04-08 01:25,9.99999,0.02235,Up,Up,1,9.99999
2021-04-08 01:30,4.0,0.02248,Up,Up,1,4.0
2021-04-08 01:35,0.00024,0.02235,Up,Up,1,0.00024
2021-04-08 01:40,1.99999,0.02235,Up,Up,1,1.99999
2021-04-08 01:45,-0.0001,0.02247,Up,Down,0,-0.0001
2021-04-08 01:50,1.0,0.02248,Up,Up,1,1.0
2021-04-08 01:55,-0.0001,0.02235,Up,Down,0,-0.0001
2021-04-08 02:00,4.0,0.02237,Up,Up,1,4.0
2021-04-08 02:05,4.0,0.02233,Up,Up,1,4.0
2021-04-08 02:10,-7.0,0.02227,Up,Down,0,-7.0
2021-04-08 02:15,-5.0,0.02218,Up,Down,0,-5.0
2021-04-08 02:20,0.0,0.02228,Up,Down,0,0.0
2021-04-08 02:25,-4.0,0.02244,Up,Down,0,-4.0
2021-04-08 02:30,-9.9999,0.02257,Up,Down,0,-9.9999
2021-04-08 02:35,0.00025,0.02229,Up,Up,1,0.00025
2021-04-08 02:40,-4.0,0.02222,Up,Down,0,-4.0
2021-04-08 02:45,0.00017,0.02239,Up,Up,1,0.00017
2021-04-08 02:50,0.00019,0.02237,Up,Up,1,0.00019
2021-04-08 02:55,0.00016,0.02238,Up,Up,1,0.00016
2021-04-08 03:00,-1.0,0.02222,Up,Down,0,-1.0
2021-04-08 03:05,0.00021,0.02233,Up,Up,1,0.00021
2021-04-08 03:10,-0.0001,0.02238,Up,Down,0,-0.0001
2021-04-08 03:15,9.99999,0.02232,Up,Up,1,9.99999
2021-04-08 03:20,-0.0001,0.02196,Up,Down,0,-0.0001
2021-04-08 03:25,0.0,0.02214,Up,Down,0,0.0
2021-04-08 03:30,5.99999,0.02227,Up,Up,1,5.99999
2021-04-08 03:35,-5.0,0.02221,Up,Down,0,-5.0
2021-04-08 03:40,0.0,0.02213,Up,Down,0,0.0
2021-04-08 03:45,-9.9999,0.02217,Up,Down,0,-9.9999
2021-04-08 03:50,0.0,0.02222,Up,Down,0,0.0
2021-04-08 03:55,5.0,0.0221,Up,Up,1,5.0
2021-04-08 04:00,-0.0001,0.02211,Up,Down,0,-0.0001
2021-04-08 04:05,0.00012,0.02213,Up,Up,1,0.00012
2021-04-08 04:10,-2.9999,0.02214,Up,Down,0,-2.9999
2021-04-08 04:15,-1.0,0.02241,Up,Down,0,-1.0
2021-04-08 04:20,0.0,0.02219,Up,Down,0,0.0
2021-04-08 04:25,-0.0001,0.02209,Up,Down,0,-0.0001
2021-04-08 04:30,3.99999,0.02229,Up,Up,1,3.99999
2021-04-08 04:35,-1.9999,0.02219,Up,Down,0,-1.9999
2021-04-08 04:40,5.0,0.02217,Up,Up,1,5.0
2021-04-08 04:45,4.99999,0.02216,Up,Up,1,4.99999
2021-04-08 04:50,0.00017,0.02216,Up,Up,1,0.00017
2021-04-08 04:55,0.00015,0.02256,Up,Up,1,0.00015
2021-04-08 05:00,4.0,0.02244,Up,Up,1,4.0
2021-04-08 05:05,-1.0,0.02216,Up,Down,0,-1.0
2021-04-08 05:10,8.0,0.02211,Up,Up,1,8.0
2021-04-08 05:15,1.0,0.02216,Up,Up,1,1.0
2021-04-08 05:20,4.0,0.02213,Up,Up,1,4.0
2021-04-08 05:25,9.99999,0.02209,Up,Up,1,9.99999
2021-04-08 05:30,0.00026,0.02218,Up,Up,1,0.00026
2021-04-08 05:35,-0.0001,0.02267,Up,Down,0,-0.0001
2021-04-08 05:40,-0.0002,0.02273,Up,Down,0,-0.0002
2021-04-08 05:45,-0.0001,0.02268,Up,Down,0,-0.0001
2021-04-08 05:50,-0.0001,0.02282,Up,Down,0,-0.0001
2021-04-08 05:55,-0.0002,0.02272,Up,Down,0,-0.0002
2021-04-08 06:00,0.00017,0.02324,Up,Up,1,0.00017
2021-04-08 06:05,7.0,0.02286,Up,Up,1,7.0
2021-04-08 06:10,0.0,0.02265,Up,Down,0,0.0
2021-04-08 06:15,-5.9999,0.02245,Up,Down,0,-5.9999
2021-04-08 06:20,-0.0001,0.02254,Up,Down,0,-0.0001
2021-04-08 06:25,2.0,0.0227,Up,Up,1,2.0
2021-04-08 06:30,-0.0002,0.02249,Up,Down,0,-0.0002
2021-04-08 06:35,0.00035,0.02286,Up,Up,1,0.00035
2021-04-08 06:40,-9.9999,0.02238,Up,Down,0,-9.9999
2021-04-08 06:45,0.00048,0.02242,Up,Up,1,0.00048
2021-04-08 06:50,0.00049,0.0225,Up,Up,1,0.00049
2021-04-08 06:55,-0.0003,0.02288,Up,Down,0,-0.0003
2021-04-08 07:00,0.00076,0.02309,Up,Up,1,0.00076
2021-04-08 07:05,0.00034,0.0231,Up,Up,1,0.00034
2021-04-08 07:10,8.0,0.02326,Up,Up,1,8.0
2021-04-08 07:15,-0.0003,0.02317,Up,Down,0,-0.0003
2021-04-08 07:20,-0.0005,0.02322,Up,Down,0,-0.0005
2021-04-08 07:25,0.0,0.02329,Up,Down,0,0.0
2021-04-08 07:30,0.00011,0.02267,Up,Up,1,0.00011
2021-04-08 07:35,-0.0001,0.02281,Up,Down,0,-0.0001
2021-04-08 07:40,-0.0002,0.02253,Up,Down,0,-0.0002
2021-04-08 07:45,0.00039,0.02284,Up,Up,1,0.00039
2021-04-08 07:50,8.99999,0.02283,Up,Up,1,8.99999
2021-04-08 07:55,-0.0001,0.0225,Up,Down,0,-0.0001
2021-04-08 08:00,-0.0002,0.02304,Up,Down,0,-0.0002
2021-04-08 08:05,-0.0002,0.02276,Up,Down,0,-0.0002
2021-04-08 08:10,0.00017,0.02283,Up,Up,1,0.00017
2021-04-08 08:15,0.00031,0.02268,Up,Up,1,0.00031
2021-04-08 08:20,-1.0,0.0226,Up,Down,0,-1.0
2021-04-08 08:25,-0.0004,0.02252,Up,Down,0,-0.0004
2021-04-08 08:30,0.0001,0.02265,Up,Up,1,0.0001
2021-04-08 08:35,-0.0002,0.02287,Up,Down,0,-0.0002
2021-04-08 08:40,0.00014,0.02294,Up,Up,1,0.00014
2021-04-08 08:45,-7.0,0.02264,Up,Down,0,-7.0
2021-04-08 08:50,0.00044,0.02249,Up,Up,1,0.00044
2021-04-08 08:55,-0.0003,0.02294,Up,Down,0,-0.0003
2021-04-08 09:00,-0.0005,0.02314,Up,Down,0,-0.0005
2021-04-08 09:05,0.00018,0.02281,Up,Up,1,0.00018
2021-04-08 09:10,-0.0002,0.02255,Up,Down,0,-0.0002
2021-04-08 09:15,-0.0001,0.02274,Up,Down,0,-0.0001
2021-04-08 09:20,0.00015,0.02248,Up,Up,1,0.00015
2021-04-08 09:25,1.0,0.02278,Up,Up,1,1.0
2021-04-08 09:30,9.99999,0.02255,Up,Up,1,9.99999
2021-04-08 09:35,8.99999,0.02261,Up,Up,1,8.99999
2021-04-08 09:40,-0.0005,0.02268,Up,Down,0,-0.0005
2021-04-08 09:45,-0.0001,0.02293,Up,Down,0,-0.0001
2021-04-08 09:50,-0.0001,0.0229,Up,Down,0,-0.0001
2021-04-08 09:55,1.0,0.02306,Up,Up,1,1.0
2021-04-08 10:00,-6.0,0.02303,Up,Down,0,-6.0
2021-04-08 10:05,9.0,0.02252,Up,Up,1,9.0
2021-04-08 10:10,7.0,0.02243,Up,Up,1,7.0
2021-04-08 10:15,8.99999,0.02237,Up,Up,1,8.99999
2021-04-08 10:20,1.99999,0.02274,Up,Up,1,1.99999
2021-04-08 10:25,3.0,0.02297,Up,Up,1,3.0
2021-04-08 10:30,-0.0003,0.02303,Up,Down,0,-0.0003
2021-04-08 10:35,-0.0001,0.0228,Up,Down,0,-0.0001
2021-04-08 10:40,0.00014,0.02251,Up,Up,1,0.00014
2021-04-08 10:45,-5.0,0.0227,Up,Down,0,-5.0
2021-04-08 10:50,-0.0001,0.02259,Up,Down,0,-0.0001
2021-04-08 10:55,0.00016,0.02263,Up,Up,1,0.00016
2021-04-08 11:00,7.0,0.02252,Up,Up,1,7.0
2021-04-08 11:05,3.99999,0.02323,Up,Up,1,3.99999
2021-04-08 11:10,0.00043,0.02255,Up,Up,1,0.00043
2021-04-08 11:15,0.00022,0.02274,Up,Up,1,0.00022
2021-04-08 11:20,0.00048,0.02273,Up,Up,1,0.00048
2021-04-08 11:25,5.0,0.02298,Up,Up,1,5.0
2021-04-08 11:30,0.00022,0.02281,Up,Up,1,0.00022
2021-04-08 11:35,-4.9999,0.02291,Up,Down,0,-4.9999
2021-04-08 11:40,0.00045,0.02248,Up,Up,1,0.00045
2021-04-08 11:45,0.0,0.02273,Up,Down,0,0.0
2021-04-08 11:50,-0.0003,0.02265,Up,Down,0,-0.0003
2021-04-08 11:55,-8.9999,0.02305,Up,Down,0,-8.9999
2021-04-08 12:00,-0.0001,0.02329,Up,Down,0,-0.0001
2021-04-08 12:05,-0.0003,0.02297,Up,Down,0,-0.0003
2021-04-08 12:10,4.99999,0.02316,Up,Up,1,4.99999
2021-04-08 12:15,-8.9999,0.02261,Up,Down,0,-8.9999
2021-04-08 12:20,0.00055,0.02271,Up,Up,1,0.00055
2021-04-08 12:25,0.00039,0.02251,Up,Up,1,0.00039
2021-04-08 12:30,0.00024,0.02303,Up,Up,1,0.00024
2021-04-08 12:35,9.99999,0.02288,Up,Up,1,9.99999
2021-04-08 12:40,-3.9999,0.02303,Up,Down,0,-3.9999
2021-04-08 12:45,0.00074,0.02295,Up,Up,1,0.00074
2021-04-08 12:50,7.0,0.02278,Up,Up,1,7.0
2021-04-08 12:55,-0.0002,0.02313,Up,Down,0,-0.0002
2021-04-08 13:00,7.0,0.02325,Up,Up,1,7.0
2021-04-08 13:05,0.0,0.02315,Up,Down,0,0.0
2021-04-08 13:10,-2.9999,0.0229,Up,Down,0,-2.9999
2021-04-08 13:15,-8.0,0.02263,Up,Down,0,-8.0
2021-04-08 13:20,2.0,0.0227,Up,Up,1,2.0
2021-04-08 13:25,-0.0003,0.0228,Up,Down,0,-0.0003
2021-04-08 13:30,4.0,0.02318,Up,Up,1,4.0
2021-04-08 13:35,0.00063,0.02312,Up,Up,1,0.00063
2021-04-08 13:40,-2.9999,0.02335,Up,Down,0,-2.9999
2021-04-08 13:45,0.0013,0.02334,Up,Up,1,0.0013
2021-04-08 13:50,-0.0009,0.02387,Up,Down,0,-0.0009
2021-04-08 13:55,0.00076,0.02449,Up,Up,1,0.00076
2021-04-08 14:00,-7.0,0.02362,Up,Down,0,-7.0
2021-04-08 14:05,-0.0001,0.02363,Up,Down,0,-0.0001
2021-04-08 14:10,-2.0,0.02331,Up,Down,0,-2.0
2021-04-08 14:15,2.0,0.02323,Up,Up,1,2.0
2021-04-08 14:20,2.99999,0.02328,Up,Up,1,2.99999
2021-04-08 14:25,0.00025,0.02342,Up,Up,1,0.00025
2021-04-08 14:30,-0.0002,0.0231,Up,Down,0,-0.0002
2021-04-08 14:35,0.00032,0.02356,Up,Up,1,0.00032
2021-04-08 14:40,-0.0004,0.02316,Up,Down,0,-0.0004
2021-04-08 14:45,-0.0001,0.02353,Up,Down,0,-0.0001
2021-04-08 14:50,-0.0001,0.02352,Up,Down,0,-0.0001
2021-04-08 14:55,0.00038,0.0239,Up,Up,1,0.00038
2021-04-08 15:00,0.00041,0.02359,Up,Up,1,0.00041
2021-04-08 15:05,9.99999,0.02326,Up,Up,1,9.99999
2021-04-08 15:10,-0.0002,0.023,Up,Down,0,-0.0002
2021-04-08 15:15,-0.0004,0.02319,Up,Down,0,-0.0004
2021-04-08 15:20,8.0,0.02305,Up,Up,1,8.0
2021-04-08 15:25,-9.9999,0.02269,Up,Down,0,-9.9999
2021-04-08 15:30,5.0,0.02296,Up,Up,1,5.0
2021-04-08 15:35,0.00019,0.02283,Up,Up,1,0.00019
2021-04-08 15:40,4.99999,0.02255,Up,Up,1,4.99999
2021-04-08 15:45,0.00025,0.02269,Up,Up,1,0.00025
2021-04-08 15:50,-0.0002,0.02244,Up,Down,0,-0.0002
2021-04-08 15:55,0.00012,0.02283,Up,Up,1,0.00012
2021-04-08 16:00,0.00052,0.02259,Up,Up,1,0.00052
2021-04-08 16:05,0.0006,0.02275,Up,Up,1,0.0006
2021-04-08 16:10,5.99999,0.02307,Up,Up,1,5.99999
2021-04-08 16:15,2.99999,0.02281,Up,Up,1,2.99999
2021-04-08 16:20,0.00039,0.02268,Up,Up,1,0.00039
2021-04-08 16:25,0.00014,0.02281,Up,Up,1,0.00014
2021-04-08 16:30,0.00031,0.0234,Up,Up,1,0.00031
2021-04-08 16:35,-0.0001,0.02272,Up,Down,0,-0.0001
2021-04-08 16:40,-5.0,0.02232,Up,Down,0,-5.0
2021-04-08 16:45,0.00013,0.02244,Up,Up,1,0.00013
2021-04-08 16:50,-0.0003,0.02246,Up,Down,0,-0.0003
2021-04-08 16:55,8.0,0.02249,Up,Up,1,8.0
2021-04-08 17:00,-0.0002,0.02262,Up,Down,0,-0.0002
2021-04-08 17:05,-0.0001,0.02237,Up,Down,0,-0.0001
2021-04-08 17:10,2.99999,0.02303,Up,Up,1,2.99999
2021-04-08 17:15,8.0,0.02236,Up,Up,1,8.0
2021-04-08 17:20,-9.9999,0.02224,Up,Down,0,-9.9999
2021-04-08 17:25,0.00022,0.02211,Up,Up,1,0.00022
2021-04-08 17:30,9.99999,0.02226,Up,Up,1,9.99999
2021-04-08 17:35,0.0,0.02212,Up,Down,0,0.0
2021-04-08 17:40,-0.0001,0.02216,Up,Down,0,-0.0001
2021-04-08 17:45,-8.0,0.02223,Up,Down,0,-8.0
2021-04-08 17:50,-0.0002,0.02218,Up,Down,0,-0.0002
2021-04-08 17:55,-2.9999,0.02252,Up,Down,0,-2.9999
2021-04-08 18:00,-0.0001,0.02294,Up,Down,0,-0.0001
2021-04-08 18:05,5.0,0.02245,Up,Up,1,5.0
2021-04-08 18:10,-0.0001,0.02258,Up,Down,0,-0.0001
2021-04-08 18:15,-2.0,0.02247,Up,Down,0,-2.0
2021-04-08 18:20,7.0,0.02262,Up,Up,1,7.0
2021-04-08 18:25,0.0,0.0225,Up,Down,0,0.0
2021-04-08 18:30,0.00018,0.02236,Up,Up,1,0.00018
2021-04-08 18:35,-0.0001,0.0227,Up,Down,0,-0.0001
2021-04-08 18:40,-9.9999,0.0222,Up,Down,0,-9.9999
2021-04-08 18:45,5.99999,0.02234,Up,Up,1,5.99999
2021-04-08 18:50,0.00022,0.02223,Up,Up,1,0.00022
